,ends,red,yellow,red_diff,remain_ends,last_stone_is_red,page,filepath,INFO
0,1,1.0,0.0,1.0,8,True,7,geme7end1.png,OK
1,2,2.0,0.0,2.0,7,False,7,geme7end2.png,OK
2,3,0.0,2.0,-2.0,6,False,7,geme7end3.png,OK
3,4,0.0,1.0,-1.0,5,True,7,geme7end4.png,OK
4,5,1.0,0.0,1.0,4,True,7,geme7end5.png,OK
5,6,0.0,2.0,-2.0,3,False,7,geme7end6.png,OK
6,7,1.0,0.0,1.0,2,True,7,geme7end7.png,OK
7,8,0.0,1.0,-1.0,1,False,7,geme7end8.png,OK
8,9,1.0,0.0,1.0,0,True,7,geme7end9.png,OK
0,1,0.0,4.0,-4.0,8,False,24,geme24end1.png,OK
1,2,2.0,0.0,2.0,7,True,24,geme24end2.png,OK
2,3,1.0,0.0,1.0,6,False,24,geme24end3.png,OK
3,4,0.0,2.0,-2.0,5,False,24,geme24end4.png,OK
4,5,0.0,1.0,-1.0,4,True,24,geme24end5.png,OK
5,6,1.0,0.0,1.0,3,True,24,geme24end6.png,OK
6,7,0.0,6.0,-6.0,2,False,24,geme24end7.png,OK
7,8,0.0,0.0,0.0,1,True,24,geme24end8.png,OK
0,1,0.0,0.0,0.0,8,True,36,geme36end1.png,OK
1,2,2.0,0.0,2.0,7,True,36,geme36end2.png,OK
2,3,0.0,1.0,-1.0,6,False,36,geme36end3.png,OK
3,4,1.0,0.0,1.0,5,True,36,geme36end4.png,OK
4,5,0.0,1.0,-1.0,4,False,36,geme36end5.png,OK
5,6,2.0,0.0,2.0,3,True,36,geme36end6.png,OK
6,7,0.0,1.0,-1.0,2,False,36,geme36end7.png,OK
7,8,1.0,0.0,1.0,1,True,36,geme36end8.png,OK
8,9,0.0,2.0,-2.0,0,False,36,geme36end9.png,OK
0,1,0.0,0.0,0.0,8,False,47,geme47end1.png,OK
1,2,0.0,2.0,-2.0,7,False,47,geme47end2.png,OK
2,3,0.0,1.0,-1.0,6,True,47,geme47end3.png,OK
3,4,1.0,0.0,1.0,5,True,47,geme47end4.png,OK
4,5,0.0,4.0,-4.0,4,False,47,geme47end5.png,OK
5,6,1.0,0.0,1.0,3,True,47,geme47end6.png,OK
6,7,1.0,0.0,1.0,2,False,47,geme47end7.png,OK
7,8,1.0,0.0,1.0,1,False,47,geme47end8.png,OK
8,9,0.0,1.0,-1.0,0,False,47,geme47end9.png,OK
0,1,0.0,4.0,-4.0,8,False,58,geme58end1.png,OK
1,2,1.0,0.0,1.0,7,True,58,geme58end2.png,OK
2,3,0.0,1.0,-1.0,6,False,58,geme58end3.png,OK
3,4,2.0,0.0,2.0,5,True,58,geme58end4.png,OK
4,5,0.0,2.0,-2.0,4,False,58,geme58end5.png,OK
5,6,0.0,1.0,-1.0,3,True,58,geme58end6.png,OK
6,7,1.0,0.0,1.0,2,True,58,geme58end7.png,OK
7,8,0.0,2.0,-2.0,1,False,58,geme58end8.png,OK
0,1,2.0,0.0,2.0,8,False,67,geme67end1.png,OK
1,2,0.0,1.0,-1.0,7,False,67,geme67end2.png,OK
2,3,1.0,0.0,1.0,6,True,67,geme67end3.png,OK
3,4,1.0,0.0,1.0,5,False,67,geme67end4.png,OK
4,5,1.0,0.0,1.0,4,False,67,geme67end5.png,OK
5,6,0.0,0.0,0.0,3,False,67,geme67end6.png,OK
6,7,0.0,1.0,-1.0,2,False,67,geme67end7.png,OK
7,8,0.0,1.0,-1.0,1,True,67,geme67end8.png,OK
8,9,0.0,1.0,-1.0,0,True,67,geme67end9.png,OK
0,1,2.0,0.0,2.0,8,True,99,geme99end1.png,OK
1,2,1.0,0.0,1.0,7,False,99,geme99end2.png,OK
2,3,1.0,0.0,1.0,6,False,99,geme99end3.png,OK
3,4,1.0,0.0,1.0,5,False,99,geme99end4.png,OK
4,5,0.0,1.0,-1.0,4,False,99,geme99end5.png,OK
5,6,1.0,0.0,1.0,3,True,99,geme99end6.png,OK
6,7,0.0,3.0,-3.0,2,False,99,geme99end7.png,OK
7,8,2.0,0.0,2.0,1,True,99,geme99end8.png,OK
8,9,0.0,3.0,-3.0,0,False,99,geme99end9.png,OK
9,10,1.0,0.0,1.0,0,True,99,geme99end10.png,OK
0,1,0.0,0.0,0.0,8,False,110,geme110end1.png,OK
1,2,0.0,0.0,0.0,7,False,110,geme110end2.png,OK
2,3,0.0,3.0,-3.0,6,False,110,geme110end3.png,OK
3,4,0.0,1.0,-1.0,5,True,110,geme110end4.png,OK
4,5,2.0,0.0,2.0,4,True,110,geme110end5.png,OK
5,6,0.0,1.0,-1.0,3,False,110,geme110end6.png,OK
6,7,2.0,0.0,2.0,2,True,110,geme110end7.png,OK
7,8,0.0,2.0,-2.0,1,False,110,geme110end8.png,OK
8,9,0.0,1.0,-1.0,0,True,110,geme110end9.png,OK
0,1,1.0,0.0,1.0,8,True,120,geme120end1.png,OK
1,2,0.0,0.0,0.0,7,False,120,geme120end2.png,OK
2,3,0.0,3.0,-3.0,6,False,120,geme120end3.png,OK
3,4,2.0,0.0,2.0,5,True,120,geme120end4.png,OK
4,5,0.0,2.0,-2.0,4,False,120,geme120end5.png,OK
5,6,2.0,0.0,2.0,3,True,120,geme120end6.png,OK
6,7,0.0,0.0,0.0,2,False,120,geme120end7.png,OK
7,8,0.0,1.0,-1.0,1,False,120,geme120end8.png,OK
8,9,2.0,0.0,2.0,0,True,120,geme120end9.png,OK
9,10,0.0,1.0,-1.0,0,False,120,geme120end10.png,OK
10,11,1.0,0.0,1.0,0,True,120,geme120end11.png,OK
0,1,0.0,2.0,-2.0,8,False,132,geme132end1.png,OK
1,2,1.0,0.0,1.0,7,True,132,geme132end2.png,OK
2,3,0.0,3.0,-3.0,6,False,132,geme132end3.png,OK
3,4,1.0,0.0,1.0,5,True,132,geme132end4.png,OK
4,5,0.0,2.0,-2.0,4,False,132,geme132end5.png,OK
5,6,0.0,2.0,-2.0,3,True,132,geme132end6.png,OK
0,1,0.0,1.0,-1.0,8,True,140,geme140end1.png,OK
1,2,2.0,0.0,2.0,7,True,140,geme140end2.png,OK
2,3,2.0,0.0,2.0,6,False,140,geme140end3.png,OK
3,4,0.0,1.0,-1.0,5,False,140,geme140end4.png,OK
4,5,2.0,0.0,2.0,4,True,140,geme140end5.png,OK
5,6,0.0,1.0,-1.0,3,False,140,geme140end6.png,OK
6,7,0.0,1.0,-1.0,2,True,140,geme140end7.png,OK
7,8,1.0,0.0,1.0,1,True,140,geme140end8.png,OK
8,9,2.0,0.0,2.0,0,False,140,geme140end9.png,OK
0,1,0.0,3.0,-3.0,8,False,150,geme150end1.png,OK
1,2,1.0,0.0,1.0,7,True,150,geme150end2.png,OK
2,3,0.0,1.0,-1.0,6,False,150,geme150end3.png,OK
3,4,1.0,0.0,1.0,5,True,150,geme150end4.png,OK
4,5,0.0,1.0,-1.0,4,False,150,geme150end5.png,OK
5,6,3.0,0.0,3.0,3,True,150,geme150end6.png,OK
6,7,0.0,2.0,-2.0,2,False,150,geme150end7.png,OK
7,8,0.0,1.0,-1.0,1,True,150,geme150end8.png,OK
8,9,2.0,0.0,2.0,0,True,150,geme150end9.png,OK
9,10,1.0,0.0,1.0,0,False,150,geme150end10.png,OK
0,1,1.0,0.0,1.0,8,True,162,geme162end1.png,OK
1,2,1.0,0.0,1.0,7,False,162,geme162end2.png,OK
2,3,0.0,1.0,-1.0,6,False,162,geme162end3.png,OK
3,4,4.0,0.0,4.0,5,True,162,geme162end4.png,OK
4,5,0.0,1.0,-1.0,4,False,162,geme162end5.png,OK
5,6,3.0,0.0,3.0,3,True,162,geme162end6.png,OK
0,1,1.0,0.0,1.0,8,True,169,geme169end1.png,OK
1,2,0.0,2.0,-2.0,7,False,169,geme169end2.png,OK
2,3,2.0,0.0,2.0,6,True,169,geme169end3.png,OK
3,4,0.0,1.0,-1.0,5,False,169,geme169end4.png,OK
4,5,1.0,0.0,1.0,4,True,169,geme169end5.png,OK
5,6,0.0,0.0,0.0,3,False,169,geme169end6.png,OK
6,7,1.0,0.0,1.0,2,False,169,geme169end7.png,OK
7,8,0.0,0.0,0.0,1,False,169,geme169end8.png,OK
8,9,0.0,3.0,-3.0,0,False,169,geme169end9.png,OK
9,10,2.0,0.0,2.0,0,True,169,geme169end10.png,OK
0,1,1.0,0.0,1.0,8,True,181,geme181end1.png,OK
1,2,0.0,1.0,-1.0,7,False,181,geme181end2.png,OK
2,3,1.0,0.0,1.0,6,True,181,geme181end3.png,OK
3,4,0.0,1.0,-1.0,5,False,181,geme181end4.png,OK
4,5,1.0,0.0,1.0,4,True,181,geme181end5.png,OK
5,6,0.0,2.0,-2.0,3,False,181,geme181end6.png,OK
6,7,0.0,1.0,-1.0,2,True,181,geme181end7.png,OK
7,8,0.0,1.0,-1.0,1,True,181,geme181end8.png,OK
8,9,2.0,0.0,2.0,0,True,181,geme181end9.png,OK
9,10,1.0,0.0,1.0,0,False,181,geme181end10.png,OK
10,11,0.0,3.0,-3.0,0,False,181,geme181end11.png,OK
0,1,0.0,3.0,-3.0,8,False,193,geme193end1.png,OK
1,2,0.0,3.0,-3.0,7,True,193,geme193end2.png,OK
2,3,0.0,1.0,-1.0,6,True,193,geme193end3.png,OK
3,4,2.0,0.0,2.0,5,True,193,geme193end4.png,OK
4,5,0.0,3.0,-3.0,4,False,193,geme193end5.png,OK
5,6,1.0,0.0,1.0,3,True,193,geme193end6.png,OK
0,1,1.0,0.0,1.0,8,False,200,geme200end1.png,OK
1,2,0.0,2.0,-2.0,7,False,200,geme200end2.png,OK
2,3,2.0,0.0,2.0,6,True,200,geme200end3.png,OK
3,4,1.0,0.0,1.0,5,False,200,geme200end4.png,OK
4,5,0.0,1.0,-1.0,4,False,200,geme200end5.png,OK
5,6,1.0,0.0,1.0,3,True,200,geme200end6.png,OK
6,7,0.0,1.0,-1.0,2,False,200,geme200end7.png,OK
7,8,1.0,0.0,1.0,1,True,200,geme200end8.png,OK
8,9,0.0,2.0,-2.0,0,False,200,geme200end9.png,OK
0,1,0.0,0.0,0.0,8,False,211,geme211end1.png,OK
1,2,0.0,2.0,-2.0,7,False,211,geme211end2.png,OK
2,3,0.0,1.0,-1.0,6,True,211,geme211end3.png,OK
3,4,1.0,0.0,1.0,5,True,211,geme211end4.png,OK
4,5,0.0,1.0,-1.0,4,False,211,geme211end5.png,OK
5,6,1.0,0.0,1.0,3,True,211,geme211end6.png,OK
6,7,0.0,2.0,-2.0,2,False,211,geme211end7.png,OK
7,8,0.0,1.0,-1.0,1,True,211,geme211end8.png,OK
0,1,1.0,0.0,1.0,8,False,221,geme221end1.png,OK
1,2,1.0,0.0,1.0,7,False,221,geme221end2.png,OK
2,3,2.0,0.0,2.0,6,False,221,geme221end3.png,OK
3,4,1.0,0.0,1.0,5,False,221,geme221end4.png,OK
4,5,0.0,2.0,-2.0,4,False,221,geme221end5.png,OK
5,6,0.0,0.0,0.0,3,True,221,geme221end6.png,OK
6,7,0.0,0.0,0.0,2,True,221,geme221end7.png,OK
7,8,1.0,0.0,1.0,1,True,221,geme221end8.png,OK
8,9,1.0,0.0,1.0,0,False,221,geme221end9.png,OK
0,1,3.0,0.0,3.0,8,True,231,geme231end1.png,OK
1,2,3.0,0.0,3.0,7,False,231,geme231end2.png,OK
2,3,0.0,1.0,-1.0,6,False,231,geme231end3.png,OK
3,4,1.0,0.0,1.0,5,True,231,geme231end4.png,OK
4,5,3.0,0.0,3.0,4,False,231,geme231end5.png,OK
5,6,0.0,1.0,-1.0,3,False,231,geme231end6.png,OK
0,1,0.0,1.0,-1.0,8,False,238,geme238end1.png,OK
1,2,0.0,0.0,0.0,7,True,238,geme238end2.png,OK
2,3,1.0,0.0,1.0,6,True,238,geme238end3.png,OK
3,4,0.0,0.0,0.0,5,False,238,geme238end4.png,OK
4,5,0.0,1.0,-1.0,4,False,238,geme238end5.png,OK
5,6,1.0,0.0,1.0,3,True,238,geme238end6.png,OK
6,7,0.0,0.0,0.0,2,False,238,geme238end7.png,OK
7,8,0.0,1.0,-1.0,1,False,238,geme238end8.png,OK
8,9,1.0,0.0,1.0,0,True,238,geme238end9.png,OK
9,10,0.0,2.0,-2.0,0,False,238,geme238end10.png,OK
0,1,1.0,0.0,1.0,8,True,249,geme249end1.png,OK
1,2,0.0,0.0,0.0,7,False,249,geme249end2.png,OK
2,3,0.0,1.0,-1.0,6,False,249,geme249end3.png,OK
3,4,2.0,0.0,2.0,5,True,249,geme249end4.png,OK
4,5,0.0,0.0,0.0,4,False,249,geme249end5.png,OK
5,6,1.0,0.0,1.0,3,False,249,geme249end6.png,OK
6,7,0.0,2.0,-2.0,2,False,249,geme249end7.png,OK
7,8,1.0,0.0,1.0,1,True,249,geme249end8.png,OK
8,9,0.0,1.0,-1.0,0,False,249,geme249end9.png,OK
9,10,0.0,1.0,-1.0,0,True,249,geme249end10.png,OK
10,11,1.0,0.0,1.0,0,True,249,geme249end11.png,OK
0,1,2.0,0.0,2.0,8,True,262,geme262end1.png,OK
1,2,0.0,2.0,-2.0,7,False,262,geme262end2.png,OK
2,3,3.0,0.0,3.0,6,True,262,geme262end3.png,OK
3,4,1.0,0.0,1.0,5,False,262,geme262end4.png,OK
4,5,2.0,0.0,2.0,4,False,262,geme262end5.png,OK
5,6,0.0,1.0,-1.0,3,False,262,geme262end6.png,OK
6,7,0.0,1.0,-1.0,2,True,262,geme262end7.png,OK
7,8,2.0,0.0,2.0,1,True,262,geme262end8.png,OK
0,1,0.0,1.0,-1.0,8,False,271,geme271end1.png,OK
1,2,0.0,1.0,-1.0,7,True,271,geme271end2.png,OK
2,3,1.0,0.0,1.0,6,True,271,geme271end3.png,OK
3,4,0.0,1.0,-1.0,5,False,271,geme271end4.png,OK
4,5,0.0,1.0,-1.0,4,True,271,geme271end5.png,OK
5,6,0.0,2.0,-2.0,3,True,271,geme271end6.png,OK
6,7,1.0,0.0,1.0,2,True,271,geme271end7.png,OK
7,8,0.0,2.0,-2.0,1,False,271,geme271end8.png,OK
0,1,1.0,0.0,1.0,8,True,280,geme280end1.png,OK
1,2,0.0,2.0,-2.0,7,False,280,geme280end2.png,OK
2,3,3.0,0.0,3.0,6,True,280,geme280end3.png,OK
3,4,0.0,2.0,-2.0,5,False,280,geme280end4.png,OK
4,5,1.0,0.0,1.0,4,True,280,geme280end5.png,OK
5,6,1.0,0.0,1.0,3,False,280,geme280end6.png,OK
6,7,0.0,2.0,-2.0,2,False,280,geme280end7.png,OK
7,8,1.0,0.0,1.0,1,True,280,geme280end8.png,OK
8,9,1.0,0.0,1.0,0,False,280,geme280end9.png,OK
9,10,2.0,0.0,2.0,0,False,280,geme280end10.png,OK
0,1,1.0,0.0,1.0,8,False,291,geme291end1.png,OK
1,2,0.0,2.0,-2.0,7,False,291,geme291end2.png,OK
2,3,1.0,0.0,1.0,6,True,291,geme291end3.png,OK
3,4,0.0,2.0,-2.0,5,False,291,geme291end4.png,OK
4,5,2.0,0.0,2.0,4,True,291,geme291end5.png,OK
5,6,0.0,2.0,-2.0,3,False,291,geme291end6.png,OK
6,7,1.0,0.0,1.0,2,True,291,geme291end7.png,OK
7,8,0.0,2.0,-2.0,1,False,291,geme291end8.png,OK
8,9,2.0,0.0,2.0,0,True,291,geme291end9.png,OK
9,10,0.0,1.0,-1.0,0,False,291,geme291end10.png,OK
0,1,2.0,0.0,2.0,8,True,303,geme303end1.png,OK
1,2,0.0,1.0,-1.0,7,False,303,geme303end2.png,OK
2,3,1.0,0.0,1.0,6,True,303,geme303end3.png,OK
3,4,0.0,1.0,-1.0,5,False,303,geme303end4.png,OK
4,5,4.0,0.0,4.0,4,True,303,geme303end5.png,OK
5,6,0.0,2.0,-2.0,3,False,303,geme303end6.png,OK
6,7,2.0,0.0,2.0,2,True,303,geme303end7.png,OK
7,8,0.0,2.0,-2.0,1,False,303,geme303end8.png,OK
8,9,1.0,0.0,1.0,0,True,303,geme303end9.png,OK
0,1,2.0,0.0,2.0,8,True,313,geme313end1.png,OK
1,2,0.0,2.0,-2.0,7,False,313,geme313end2.png,OK
2,3,0.0,1.0,-1.0,6,True,313,geme313end3.png,OK
3,4,2.0,0.0,2.0,5,True,313,geme313end4.png,OK
4,5,0.0,2.0,-2.0,4,False,313,geme313end5.png,OK
5,6,2.0,0.0,2.0,3,True,313,geme313end6.png,OK
6,7,2.0,0.0,2.0,2,False,313,geme313end7.png,OK
7,8,2.0,0.0,2.0,1,False,313,geme313end8.png,OK
8,9,0.0,1.0,-1.0,0,False,313,geme313end9.png,OK
0,1,0.0,1.0,-1.0,8,False,323,geme323end1.png,OK
1,2,1.0,0.0,1.0,7,True,323,geme323end2.png,OK
2,3,0.0,1.0,-1.0,6,False,323,geme323end3.png,OK
3,4,1.0,0.0,1.0,5,True,323,geme323end4.png,OK
4,5,0.0,0.0,0.0,4,False,323,geme323end5.png,OK
5,6,1.0,0.0,1.0,3,False,323,geme323end6.png,OK
6,7,0.0,1.0,-1.0,2,False,323,geme323end7.png,OK
7,8,1.0,0.0,1.0,1,True,323,geme323end8.png,OK
8,9,1.0,0.0,1.0,0,False,323,geme323end9.png,OK
0,1,0.0,1.0,-1.0,8,False,334,geme334end1.png,OK
1,2,0.0,1.0,-1.0,7,True,334,geme334end2.png,OK
2,3,1.0,0.0,1.0,6,True,334,geme334end3.png,OK
3,4,0.0,1.0,-1.0,5,False,334,geme334end4.png,OK
4,5,0.0,0.0,0.0,4,True,334,geme334end5.png,OK
5,6,2.0,0.0,2.0,3,True,334,geme334end6.png,OK
6,7,0.0,0.0,0.0,2,False,334,geme334end7.png,OK
7,8,0.0,1.0,-1.0,1,False,334,geme334end8.png,OK
8,9,0.0,0.0,0.0,0,True,334,geme334end9.png,OK
9,10,2.0,0.0,2.0,0,True,334,geme334end10.png,OK
0,1,1.0,0.0,1.0,8,True,346,geme346end1.png,OK
1,2,1.0,0.0,1.0,7,False,346,geme346end2.png,OK
2,3,0.0,2.0,-2.0,6,False,346,geme346end3.png,OK
3,4,0.0,1.0,-1.0,5,True,346,geme346end4.png,OK
4,5,2.0,0.0,2.0,4,True,346,geme346end5.png,OK
5,6,0.0,0.0,0.0,3,False,346,geme346end6.png,OK
6,7,0.0,1.0,-1.0,2,False,346,geme346end7.png,OK
7,8,1.0,0.0,1.0,1,True,346,geme346end8.png,OK
8,9,0.0,2.0,-2.0,0,False,346,geme346end9.png,OK
9,10,0.0,1.0,-1.0,0,True,346,geme346end10.png,OK
0,1,3.0,0.0,3.0,8,True,357,geme357end1.png,OK
1,2,0.0,1.0,-1.0,7,False,357,geme357end2.png,OK
2,3,0.0,0.0,0.0,6,True,357,geme357end3.png,OK
3,4,0.0,1.0,-1.0,5,True,357,geme357end4.png,OK
4,5,6.0,0.0,6.0,4,True,357,geme357end5.png,OK
5,6,0.0,2.0,-2.0,3,False,357,geme357end6.png,OK
6,7,0.0,1.0,-1.0,2,True,357,geme357end7.png,OK
7,8,2.0,0.0,2.0,1,True,357,geme357end8.png,OK
0,1,0.0,1.0,-1.0,8,True,366,geme366end1.png,OK
1,2,1.0,0.0,1.0,7,True,366,geme366end2.png,OK
2,3,0.0,2.0,-2.0,6,False,366,geme366end3.png,OK
3,4,0.0,0.0,0.0,5,True,366,geme366end4.png,OK
4,5,1.0,0.0,1.0,4,True,366,geme366end5.png,OK
5,6,0.0,2.0,-2.0,3,False,366,geme366end6.png,OK
6,7,1.0,0.0,1.0,2,True,366,geme366end7.png,OK
7,8,0.0,1.0,-1.0,1,False,366,geme366end8.png,OK
8,9,0.0,2.0,-2.0,0,True,366,geme366end9.png,OK
0,1,0.0,2.0,-2.0,8,False,376,geme376end1.png,OK
1,2,1.0,0.0,1.0,7,True,376,geme376end2.png,OK
2,3,0.0,2.0,-2.0,6,False,376,geme376end3.png,OK
3,4,0.0,1.0,-1.0,5,True,376,geme376end4.png,OK
4,5,3.0,0.0,3.0,4,True,376,geme376end5.png,OK
5,6,0.0,0.0,0.0,3,False,376,geme376end6.png,OK
6,7,0.0,2.0,-2.0,2,False,376,geme376end7.png,OK
7,8,2.0,0.0,2.0,1,True,376,geme376end8.png,OK
8,9,0.0,0.0,0.0,0,False,376,geme376end9.png,OK
9,10,1.0,0.0,1.0,0,False,376,geme376end10.png,OK
0,1,2.0,0.0,2.0,8,True,389,geme389end1.png,OK
1,2,0.0,2.0,-2.0,7,False,389,geme389end2.png,OK
2,3,2.0,0.0,2.0,6,True,389,geme389end3.png,OK
3,4,0.0,2.0,-2.0,5,False,389,geme389end4.png,OK
4,5,1.0,0.0,1.0,4,True,389,geme389end5.png,OK
5,6,0.0,3.0,-3.0,3,False,389,geme389end6.png,OK
6,7,2.0,0.0,2.0,2,True,389,geme389end7.png,OK
7,8,0.0,3.0,-3.0,1,False,389,geme389end8.png,OK
8,9,1.0,0.0,1.0,0,True,389,geme389end9.png,OK
9,10,0.0,1.0,-1.0,0,False,389,geme389end10.png,OK
0,1,0.0,1.0,-1.0,8,True,400,geme400end1.png,OK
1,2,2.0,0.0,2.0,7,True,400,geme400end2.png,OK
2,3,0.0,1.0,-1.0,6,False,400,geme400end3.png,OK
3,4,1.0,0.0,1.0,5,True,400,geme400end4.png,OK
4,5,0.0,0.0,0.0,4,False,400,geme400end5.png,OK
5,6,0.0,2.0,-2.0,3,False,400,geme400end6.png,OK
6,7,1.0,0.0,1.0,2,True,400,geme400end7.png,OK
7,8,0.0,1.0,-1.0,1,False,400,geme400end8.png,OK
8,9,0.0,1.0,-1.0,0,True,400,geme400end9.png,OK
9,10,0.0,1.0,-1.0,0,True,400,geme400end10.png,OK
0,1,0.0,0.0,0.0,8,False,411,geme411end1.png,OK
1,2,1.0,0.0,1.0,7,False,411,geme411end2.png,OK
2,3,0.0,0.0,0.0,6,False,411,geme411end3.png,OK
3,4,1.0,0.0,1.0,5,False,411,geme411end4.png,OK
4,5,0.0,0.0,0.0,4,False,411,geme411end5.png,OK
5,6,0.0,0.0,0.0,3,False,411,geme411end6.png,OK
6,7,1.0,0.0,1.0,2,False,411,geme411end7.png,OK
7,8,1.0,0.0,1.0,1,False,411,geme411end8.png,OK
8,9,2.0,0.0,2.0,0,False,411,geme411end9.png,OK
0,1,0.0,1.0,-1.0,8,True,421,geme421end1.png,OK
1,2,1.0,0.0,1.0,7,True,421,geme421end2.png,OK
2,3,0.0,1.0,-1.0,6,False,421,geme421end3.png,OK
3,4,2.0,0.0,2.0,5,True,421,geme421end4.png,OK
4,5,0.0,0.0,0.0,4,False,421,geme421end5.png,OK
5,6,0.0,0.0,0.0,3,False,421,geme421end6.png,OK
6,7,1.0,0.0,1.0,2,False,421,geme421end7.png,OK
7,8,0.0,1.0,-1.0,1,False,421,geme421end8.png,OK
8,9,0.0,1.0,-1.0,0,True,421,geme421end9.png,OK
0,1,0.0,0.0,0.0,8,True,433,geme433end1.png,OK
1,2,2.0,0.0,2.0,7,True,433,geme433end2.png,OK
2,3,1.0,0.0,1.0,6,False,433,geme433end3.png,OK
3,4,1.0,0.0,1.0,5,False,433,geme433end4.png,OK
4,5,2.0,0.0,2.0,4,False,433,geme433end5.png,OK
5,6,1.0,0.0,1.0,3,False,433,geme433end6.png,OK
0,1,0.0,0.0,0.0,8,False,440,geme440end1.png,OK
1,2,0.0,1.0,-1.0,7,False,440,geme440end2.png,OK
2,3,3.0,0.0,3.0,6,True,440,geme440end3.png,OK
3,4,1.0,0.0,1.0,5,False,440,geme440end4.png,OK
4,5,2.0,0.0,2.0,4,False,440,geme440end5.png,OK
5,6,0.0,3.0,-3.0,3,False,440,geme440end6.png,OK
7,8,0.0,1.0,-1.0,1,False,440,geme440end8.png,OK
8,9,2.0,0.0,2.0,0,True,440,geme440end9.png,OK
0,1,0.0,0.0,0.0,8,True,450,geme450end1.png,OK
1,2,1.0,0.0,1.0,7,True,450,geme450end2.png,OK
2,3,0.0,1.0,-1.0,6,False,450,geme450end3.png,OK
3,4,2.0,0.0,2.0,5,True,450,geme450end4.png,OK
4,5,0.0,2.0,-2.0,4,False,450,geme450end5.png,OK
5,6,0.0,0.0,0.0,3,True,450,geme450end6.png,OK
6,7,3.0,0.0,3.0,2,True,450,geme450end7.png,OK
7,8,1.0,0.0,1.0,1,False,450,geme450end8.png,OK
8,9,1.0,0.0,1.0,0,False,450,geme450end9.png,OK
0,1,0.0,0.0,0.0,8,False,460,geme460end1.png,OK
1,2,1.0,0.0,1.0,7,False,460,geme460end2.png,OK
2,3,0.0,1.0,-1.0,6,False,460,geme460end3.png,OK
3,4,1.0,0.0,1.0,5,True,460,geme460end4.png,OK
4,5,0.0,1.0,-1.0,4,False,460,geme460end5.png,OK
5,6,0.0,1.0,-1.0,3,True,460,geme460end6.png,OK
6,7,2.0,0.0,2.0,2,True,460,geme460end7.png,OK
7,8,0.0,2.0,-2.0,1,False,460,geme460end8.png,OK
8,9,1.0,0.0,1.0,0,True,460,geme460end9.png,OK
9,10,0.0,2.0,-2.0,0,False,460,geme460end10.png,OK
0,1,0.0,2.0,-2.0,8,False,471,geme471end1.png,OK
1,2,2.0,0.0,2.0,7,True,471,geme471end2.png,OK
2,3,0.0,1.0,-1.0,6,False,471,geme471end3.png,OK
3,4,0.0,3.0,-3.0,5,True,471,geme471end4.png,OK
4,5,1.0,0.0,1.0,4,True,471,geme471end5.png,OK
5,6,1.0,0.0,1.0,3,False,471,geme471end6.png,OK
6,7,0.0,2.0,-2.0,2,False,471,geme471end7.png,OK
7,8,1.0,0.0,1.0,1,True,471,geme471end8.png,OK
8,9,0.0,2.0,-2.0,0,False,471,geme471end9.png,OK
0,1,0.0,0.0,0.0,8,True,482,geme482end1.png,OK
1,2,0.0,1.0,-1.0,7,True,482,geme482end2.png,OK
2,3,0.0,5.0,-5.0,6,True,482,geme482end3.png,OK
3,4,1.0,0.0,1.0,5,True,482,geme482end4.png,OK
4,5,0.0,2.0,-2.0,4,False,482,geme482end5.png,OK
5,6,1.0,0.0,1.0,3,True,482,geme482end6.png,OK
6,7,1.0,0.0,1.0,2,False,482,geme482end7.png,OK
7,8,0.0,0.0,0.0,1,False,482,geme482end8.png,OK
0,1,2.0,0.0,2.0,8,True,491,geme491end1.png,OK
1,2,1.0,0.0,1.0,7,False,491,geme491end2.png,OK
2,3,1.0,0.0,1.0,6,False,491,geme491end3.png,OK
3,4,0.0,2.0,-2.0,5,False,491,geme491end4.png,OK
4,5,2.0,0.0,2.0,4,True,491,geme491end5.png,OK
5,6,0.0,0.0,0.0,3,False,491,geme491end6.png,OK
6,7,1.0,0.0,1.0,2,False,491,geme491end7.png,OK
0,1,0.0,2.0,-2.0,8,False,499,geme499end1.png,OK
1,2,2.0,0.0,2.0,7,True,499,geme499end2.png,OK
2,3,0.0,0.0,0.0,6,False,499,geme499end3.png,OK
3,4,0.0,1.0,-1.0,5,False,499,geme499end4.png,OK
4,5,0.0,3.0,-3.0,4,True,499,geme499end5.png,OK
5,6,2.0,0.0,2.0,3,True,499,geme499end6.png,OK
6,7,0.0,2.0,-2.0,2,False,499,geme499end7.png,OK
7,8,0.0,2.0,-2.0,1,True,499,geme499end8.png,OK
0,1,1.0,0.0,1.0,8,True,509,geme509end1.png,OK
1,2,1.0,0.0,1.0,7,False,509,geme509end2.png,OK
2,3,0.0,2.0,-2.0,6,False,509,geme509end3.png,OK
3,4,2.0,0.0,2.0,5,True,509,geme509end4.png,OK
4,5,0.0,3.0,-3.0,4,False,509,geme509end5.png,OK
5,6,2.0,0.0,2.0,3,True,509,geme509end6.png,OK
6,7,0.0,1.0,-1.0,2,False,509,geme509end7.png,OK
7,8,2.0,0.0,2.0,1,True,509,geme509end8.png,OK
8,9,0.0,1.0,-1.0,0,False,509,geme509end9.png,OK
9,10,1.0,0.0,1.0,0,True,509,geme509end10.png,OK
0,1,0.0,1.0,-1.0,8,True,520,geme520end1.png,OK
1,2,3.0,0.0,3.0,7,True,520,geme520end2.png,OK
2,3,2.0,0.0,2.0,6,False,520,geme520end3.png,OK
3,4,0.0,3.0,-3.0,5,False,520,geme520end4.png,OK
4,5,1.0,0.0,1.0,4,True,520,geme520end5.png,OK
5,6,0.0,3.0,-3.0,3,False,520,geme520end6.png,OK
6,7,0.0,1.0,-1.0,2,True,520,geme520end7.png,OK
7,8,1.0,0.0,1.0,1,True,520,geme520end8.png,OK
8,9,0.0,3.0,-3.0,0,False,520,geme520end9.png,OK
0,1,0.0,1.0,-1.0,8,True,530,geme530end1.png,OK
1,2,0.0,0.0,0.0,7,True,530,geme530end2.png,OK
2,3,1.0,0.0,1.0,6,True,530,geme530end3.png,OK
3,4,0.0,1.0,-1.0,5,False,530,geme530end4.png,OK
4,5,2.0,0.0,2.0,4,True,530,geme530end5.png,OK
5,6,0.0,1.0,-1.0,3,False,530,geme530end6.png,OK
6,7,0.0,0.0,0.0,2,True,530,geme530end7.png,OK
7,8,2.0,0.0,2.0,1,True,530,geme530end8.png,OK
8,9,2.0,0.0,2.0,0,False,530,geme530end9.png,OK
0,1,0.0,1.0,-1.0,8,False,540,geme540end1.png,OK
1,2,0.0,0.0,0.0,7,True,540,geme540end2.png,OK
2,3,1.0,0.0,1.0,6,True,540,geme540end3.png,OK
3,4,0.0,1.0,-1.0,5,False,540,geme540end4.png,OK
4,5,1.0,0.0,1.0,4,True,540,geme540end5.png,OK
5,6,0.0,3.0,-3.0,3,False,540,geme540end6.png,OK
6,7,1.0,0.0,1.0,2,True,540,geme540end7.png,OK
7,8,0.0,4.0,-4.0,1,False,540,geme540end8.png,OK
0,1,0.0,1.0,-1.0,8,True,550,geme550end1.png,OK
1,2,2.0,0.0,2.0,7,True,550,geme550end2.png,OK
2,3,0.0,1.0,-1.0,6,False,550,geme550end3.png,OK
3,4,2.0,0.0,2.0,5,True,550,geme550end4.png,OK
4,5,0.0,1.0,-1.0,4,False,550,geme550end5.png,OK
5,6,0.0,0.0,0.0,3,True,550,geme550end6.png,OK
6,7,2.0,0.0,2.0,2,True,550,geme550end7.png,OK
7,8,0.0,1.0,-1.0,1,False,550,geme550end8.png,OK
8,9,2.0,0.0,2.0,0,True,550,geme550end9.png,OK
0,1,0.0,1.0,-1.0,8,True,560,geme560end1.png,OK
1,2,2.0,0.0,2.0,7,True,560,geme560end2.png,OK
2,3,0.0,2.0,-2.0,6,False,560,geme560end3.png,OK
3,4,1.0,0.0,1.0,5,True,560,geme560end4.png,OK
4,5,0.0,1.0,-1.0,4,False,560,geme560end5.png,OK
5,6,1.0,0.0,1.0,3,True,560,geme560end6.png,OK
6,7,0.0,5.0,-5.0,2,False,560,geme560end7.png,OK
7,8,0.0,2.0,-2.0,1,True,560,geme560end8.png,OK
0,1,1.0,0.0,1.0,8,False,569,geme569end1.png,OK
1,2,0.0,1.0,-1.0,7,False,569,geme569end2.png,OK
2,3,5.0,0.0,5.0,6,True,569,geme569end3.png,OK
3,4,0.0,1.0,-1.0,5,False,569,geme569end4.png,OK
4,5,0.0,3.0,-3.0,4,True,569,geme569end5.png,OK
5,6,1.0,0.0,1.0,3,True,569,geme569end6.png,OK
6,7,0.0,1.0,-1.0,2,False,569,geme569end7.png,OK
7,8,2.0,0.0,2.0,1,True,569,geme569end8.png,OK
8,9,0.0,3.0,-3.0,0,False,569,geme569end9.png,OK
9,10,0.0,2.0,-2.0,0,True,569,geme569end10.png,OK
0,1,0.0,0.0,0.0,8,False,581,geme581end1.png,OK
1,2,0.0,3.0,-3.0,7,False,581,geme581end2.png,OK
2,3,0.0,0.0,0.0,6,True,581,geme581end3.png,OK
3,4,1.0,0.0,1.0,5,True,581,geme581end4.png,OK
4,5,0.0,4.0,-4.0,4,False,581,geme581end5.png,OK
5,6,1.0,0.0,1.0,3,True,581,geme581end6.png,OK
0,1,0.0,0.0,0.0,8,False,588,geme588end1.png,OK
1,2,0.0,2.0,-2.0,7,False,588,geme588end2.png,OK
2,3,2.0,0.0,2.0,6,True,588,geme588end3.png,OK
3,4,0.0,1.0,-1.0,5,False,588,geme588end4.png,OK
4,5,0.0,1.0,-1.0,4,True,588,geme588end5.png,OK
5,6,0.0,3.0,-3.0,3,True,588,geme588end6.png,OK
6,7,3.0,0.0,3.0,2,True,588,geme588end7.png,OK
7,8,0.0,3.0,-3.0,1,False,588,geme588end8.png,OK
8,9,3.0,0.0,3.0,0,True,588,geme588end9.png,OK
0,1,4.0,0.0,4.0,8,True,599,geme599end1.png,OK
1,2,1.0,0.0,1.0,7,False,599,geme599end2.png,OK
2,3,0.0,1.0,-1.0,6,False,599,geme599end3.png,OK
3,4,0.0,0.0,0.0,5,True,599,geme599end4.png,OK
4,5,2.0,0.0,2.0,4,True,599,geme599end5.png,OK
5,6,0.0,2.0,-2.0,3,False,599,geme599end6.png,OK
6,7,2.0,0.0,2.0,2,True,599,geme599end7.png,OK
7,8,0.0,2.0,-2.0,1,False,599,geme599end8.png,OK
0,1,0.0,1.0,-1.0,8,False,608,geme608end1.png,OK
1,2,0.0,1.0,-1.0,7,True,608,geme608end2.png,OK
2,3,1.0,0.0,1.0,6,True,608,geme608end3.png,OK
3,4,0.0,0.0,0.0,5,False,608,geme608end4.png,OK
4,5,0.0,1.0,-1.0,4,False,608,geme608end5.png,OK
5,6,0.0,0.0,0.0,3,True,608,geme608end6.png,OK
6,7,1.0,0.0,1.0,2,True,608,geme608end7.png,OK
7,8,1.0,0.0,1.0,1,False,608,geme608end8.png,OK
8,9,0.0,1.0,-1.0,0,False,608,geme608end9.png,OK
0,1,0.0,0.0,0.0,8,False,620,geme620end1.png,OK
1,2,0.0,1.0,-1.0,7,False,620,geme620end2.png,OK
2,3,1.0,0.0,1.0,6,True,620,geme620end3.png,OK
3,4,0.0,2.0,-2.0,5,False,620,geme620end4.png,OK
4,5,0.0,0.0,0.0,4,True,620,geme620end5.png,OK
5,6,2.0,0.0,2.0,3,True,620,geme620end6.png,OK
6,7,0.0,1.0,-1.0,2,False,620,geme620end7.png,OK
7,8,0.0,0.0,0.0,1,True,620,geme620end8.png,OK
8,9,0.0,1.0,-1.0,0,True,620,geme620end9.png,OK
9,10,0.0,2.0,-2.0,0,True,620,geme620end10.png,OK
0,1,0.0,0.0,0.0,8,False,631,geme631end1.png,OK
1,2,0.0,0.0,0.0,7,False,631,geme631end2.png,OK
2,3,0.0,1.0,-1.0,6,False,631,geme631end3.png,OK
3,4,0.0,0.0,0.0,5,True,631,geme631end4.png,OK
4,5,1.0,0.0,1.0,4,True,631,geme631end5.png,OK
5,6,0.0,2.0,-2.0,3,False,631,geme631end6.png,OK
6,7,1.0,0.0,1.0,2,True,631,geme631end7.png,OK
7,8,0.0,2.0,-2.0,1,False,631,geme631end8.png,OK
8,9,1.0,0.0,1.0,0,True,631,geme631end9.png,OK
9,10,0.0,1.0,-1.0,0,False,631,geme631end10.png,OK
0,1,0.0,1.0,-1.0,8,False,642,geme642end1.png,OK
1,2,2.0,0.0,2.0,7,True,642,geme642end2.png,OK
2,3,0.0,1.0,-1.0,6,False,642,geme642end3.png,OK
3,4,3.0,0.0,3.0,5,True,642,geme642end4.png,OK
4,5,0.0,2.0,-2.0,4,False,642,geme642end5.png,OK
5,6,2.0,0.0,2.0,3,True,642,geme642end6.png,OK
6,7,1.0,0.0,1.0,2,False,642,geme642end7.png,OK
7,8,2.0,0.0,2.0,1,False,642,geme642end8.png,OK
0,1,0.0,0.0,0.0,8,False,651,geme651end1.png,OK
1,2,0.0,3.0,-3.0,7,False,651,geme651end2.png,OK
2,3,3.0,0.0,3.0,6,True,651,geme651end3.png,OK
3,4,0.0,3.0,-3.0,5,False,651,geme651end4.png,OK
4,5,0.0,1.0,-1.0,4,True,651,geme651end5.png,OK
5,6,2.0,0.0,2.0,3,True,651,geme651end6.png,OK
6,7,0.0,1.0,-1.0,2,False,651,geme651end7.png,OK
7,8,0.0,1.0,-1.0,1,True,651,geme651end8.png,OK
8,9,2.0,0.0,2.0,0,True,651,geme651end9.png,OK
0,1,0.0,0.0,0.0,8,True,663,geme663end1.png,OK
1,2,2.0,0.0,2.0,7,True,663,geme663end2.png,OK
2,3,0.0,1.0,-1.0,6,False,663,geme663end3.png,OK
3,4,1.0,0.0,1.0,5,True,663,geme663end4.png,OK
4,5,0.0,0.0,0.0,4,False,663,geme663end5.png,OK
5,6,0.0,2.0,-2.0,3,False,663,geme663end6.png,OK
6,7,1.0,0.0,1.0,2,True,663,geme663end7.png,OK
7,8,0.0,1.0,-1.0,1,False,663,geme663end8.png,OK
8,9,3.0,0.0,3.0,0,True,663,geme663end9.png,OK
0,1,1.0,0.0,1.0,8,True,674,geme674end1.png,OK
1,2,0.0,4.0,-4.0,7,False,674,geme674end2.png,OK
2,3,0.0,0.0,0.0,6,True,674,geme674end3.png,OK
3,4,2.0,0.0,2.0,5,True,674,geme674end4.png,OK
4,5,0.0,2.0,-2.0,4,False,674,geme674end5.png,OK
5,6,1.0,0.0,1.0,3,True,674,geme674end6.png,OK
6,7,0.0,0.0,0.0,2,False,674,geme674end7.png,OK
7,8,0.0,5.0,-5.0,1,False,674,geme674end8.png,OK
0,1,0.0,1.0,-1.0,8,False,683,geme683end1.png,OK
1,2,2.0,0.0,2.0,7,True,683,geme683end2.png,OK
2,3,0.0,1.0,-1.0,6,False,683,geme683end3.png,OK
3,4,2.0,0.0,2.0,5,True,683,geme683end4.png,OK
4,5,0.0,1.0,-1.0,4,False,683,geme683end5.png,OK
5,6,2.0,0.0,2.0,3,True,683,geme683end6.png,OK
6,7,0.0,1.0,-1.0,2,False,683,geme683end7.png,OK
7,8,2.0,0.0,2.0,1,True,683,geme683end8.png,OK
8,9,3.0,0.0,3.0,0,False,683,geme683end9.png,OK
0,1,0.0,0.0,0.0,8,False,694,geme694end1.png,OK
1,2,0.0,1.0,-1.0,7,False,694,geme694end2.png,OK
2,3,3.0,0.0,3.0,6,True,694,geme694end3.png,OK
3,4,0.0,1.0,-1.0,5,False,694,geme694end4.png,OK
4,5,1.0,0.0,1.0,4,True,694,geme694end5.png,OK
5,6,2.0,0.0,2.0,3,False,694,geme694end6.png,OK
6,7,0.0,1.0,-1.0,2,False,694,geme694end7.png,OK
7,8,0.0,0.0,0.0,1,True,694,geme694end8.png,OK
8,9,2.0,0.0,2.0,0,True,694,geme694end9.png,OK
0,1,0.0,2.0,-2.0,8,False,704,geme704end1.png,OK
1,2,2.0,0.0,2.0,7,True,704,geme704end2.png,OK
2,3,1.0,0.0,1.0,6,False,704,geme704end3.png,OK
3,4,0.0,4.0,-4.0,5,False,704,geme704end4.png,OK
4,5,3.0,0.0,3.0,4,True,704,geme704end5.png,OK
5,6,1.0,0.0,1.0,3,False,704,geme704end6.png,OK
6,7,1.0,0.0,1.0,2,False,704,geme704end7.png,OK
7,8,0.0,1.0,-1.0,1,False,704,geme704end8.png,OK
8,9,2.0,0.0,2.0,0,True,704,geme704end9.png,OK
0,1,0.0,0.0,0.0,8,False,715,geme715end1.png,OK
1,2,0.0,2.0,-2.0,7,False,715,geme715end2.png,OK
2,3,1.0,0.0,1.0,6,True,715,geme715end3.png,OK
3,4,2.0,0.0,2.0,5,False,715,geme715end4.png,OK
4,5,0.0,1.0,-1.0,4,False,715,geme715end5.png,OK
5,6,1.0,0.0,1.0,3,True,715,geme715end6.png,OK
6,7,1.0,0.0,1.0,2,False,715,geme715end7.png,OK
7,8,0.0,1.0,-1.0,1,False,715,geme715end8.png,OK
8,9,2.0,0.0,2.0,0,True,715,geme715end9.png,OK
0,1,3.0,0.0,3.0,8,True,726,geme726end1.png,OK
1,2,1.0,0.0,1.0,7,False,726,geme726end2.png,OK
2,3,0.0,0.0,0.0,6,False,726,geme726end3.png,OK
3,4,0.0,4.0,-4.0,5,False,726,geme726end4.png,OK
4,5,1.0,0.0,1.0,4,True,726,geme726end5.png,OK
5,6,0.0,2.0,-2.0,3,False,726,geme726end6.png,OK
6,7,1.0,0.0,1.0,2,True,726,geme726end7.png,OK
7,8,0.0,2.0,-2.0,1,False,726,geme726end8.png,OK
8,9,0.0,2.0,-2.0,0,True,726,geme726end9.png,OK
0,1,0.0,1.0,-1.0,8,True,737,geme737end1.png,OK
1,2,2.0,0.0,2.0,7,True,737,geme737end2.png,OK
2,3,0.0,1.0,-1.0,6,False,737,geme737end3.png,OK
3,4,1.0,0.0,1.0,5,True,737,geme737end4.png,OK
4,5,0.0,0.0,0.0,4,False,737,geme737end5.png,OK
5,6,0.0,1.0,-1.0,3,False,737,geme737end6.png,OK
6,7,0.0,0.0,0.0,2,True,737,geme737end7.png,OK
7,8,1.0,0.0,1.0,1,True,737,geme737end8.png,OK
8,9,0.0,3.0,-3.0,0,False,737,geme737end9.png,OK
9,10,2.0,0.0,2.0,0,True,737,geme737end10.png,OK
10,11,0.0,1.0,-1.0,0,False,737,geme737end11.png,OK
0,1,1.0,0.0,1.0,8,False,749,geme749end1.png,OK
1,2,0.0,1.0,-1.0,7,False,749,geme749end2.png,OK
2,3,0.0,1.0,-1.0,6,True,749,geme749end3.png,OK
3,4,1.0,0.0,1.0,5,True,749,geme749end4.png,OK
4,5,0.0,1.0,-1.0,4,False,749,geme749end5.png,OK
5,6,2.0,0.0,2.0,3,True,749,geme749end6.png,OK
6,7,0.0,1.0,-1.0,2,False,749,geme749end7.png,OK
7,8,2.0,0.0,2.0,1,True,749,geme749end8.png,OK
8,9,0.0,1.0,-1.0,0,False,749,geme749end9.png,OK
9,10,1.0,0.0,1.0,0,True,749,geme749end10.png,OK
0,1,1.0,0.0,1.0,8,True,760,geme760end1.png,OK
1,2,1.0,0.0,1.0,7,False,760,geme760end2.png,OK
2,3,0.0,2.0,-2.0,6,False,760,geme760end3.png,OK
3,4,1.0,0.0,1.0,5,True,760,geme760end4.png,OK
4,5,2.0,0.0,2.0,4,False,760,geme760end5.png,OK
5,6,0.0,2.0,-2.0,3,False,760,geme760end6.png,OK
6,7,0.0,1.0,-1.0,2,True,760,geme760end7.png,OK
7,8,0.0,3.0,-3.0,1,True,760,geme760end8.png,OK
8,9,1.0,0.0,1.0,0,True,760,geme760end9.png,OK
0,1,0.0,1.0,-1.0,8,True,771,geme771end1.png,OK
1,2,0.0,1.0,-1.0,7,True,771,geme771end2.png,OK
2,3,3.0,0.0,3.0,6,True,771,geme771end3.png,OK
3,4,0.0,2.0,-2.0,5,False,771,geme771end4.png,OK
4,5,1.0,0.0,1.0,4,True,771,geme771end5.png,OK
5,6,0.0,1.0,-1.0,3,False,771,geme771end6.png,OK
6,7,2.0,0.0,2.0,2,True,771,geme771end7.png,OK
7,8,0.0,1.0,-1.0,1,False,771,geme771end8.png,OK
8,9,2.0,0.0,2.0,0,True,771,geme771end9.png,OK
9,10,0.0,4.0,-4.0,0,False,771,geme771end10.png,OK
0,1,0.0,2.0,-2.0,8,False,783,geme783end1.png,OK
1,2,1.0,0.0,1.0,7,True,783,geme783end2.png,OK
2,3,1.0,0.0,1.0,6,False,783,geme783end3.png,OK
3,4,0.0,0.0,0.0,5,False,783,geme783end4.png,OK
4,5,0.0,4.0,-4.0,4,False,783,geme783end5.png,OK
5,6,1.0,0.0,1.0,3,True,783,geme783end6.png,OK
6,7,0.0,1.0,-1.0,2,False,783,geme783end7.png,OK
7,8,2.0,0.0,2.0,1,True,783,geme783end8.png,OK
8,9,1.0,0.0,1.0,0,False,783,geme783end9.png,OK
9,10,2.0,0.0,2.0,0,False,783,geme783end10.png,OK
0,1,0.0,2.0,-2.0,8,False,794,geme794end1.png,OK
1,2,2.0,0.0,2.0,7,True,794,geme794end2.png,OK
2,3,0.0,0.0,0.0,6,False,794,geme794end3.png,OK
3,4,0.0,2.0,-2.0,5,False,794,geme794end4.png,OK
4,5,1.0,0.0,1.0,4,True,794,geme794end5.png,OK
5,6,1.0,0.0,1.0,3,False,794,geme794end6.png,OK
6,7,0.0,1.0,-1.0,2,False,794,geme794end7.png,OK
7,8,2.0,0.0,2.0,1,True,794,geme794end8.png,OK
8,9,0.0,2.0,-2.0,0,False,794,geme794end9.png,OK
9,10,0.0,2.0,-2.0,0,True,794,geme794end10.png,OK
0,1,1.0,0.0,1.0,8,True,805,geme805end1.png,OK
1,2,0.0,1.0,-1.0,7,False,805,geme805end2.png,OK
2,3,0.0,0.0,0.0,6,True,805,geme805end3.png,OK
3,4,2.0,0.0,2.0,5,True,805,geme805end4.png,OK
4,5,3.0,0.0,3.0,4,False,805,geme805end5.png,OK
5,6,0.0,1.0,-1.0,3,False,805,geme805end6.png,OK
6,7,2.0,0.0,2.0,2,True,805,geme805end7.png,OK
7,8,0.0,2.0,-2.0,1,False,805,geme805end8.png,OK
8,9,1.0,0.0,1.0,0,True,805,geme805end9.png,OK
0,1,0.0,0.0,0.0,8,True,815,geme815end1.png,OK
1,2,1.0,0.0,1.0,7,True,815,geme815end2.png,OK
2,3,0.0,3.0,-3.0,6,False,815,geme815end3.png,OK
3,4,0.0,0.0,0.0,5,True,815,geme815end4.png,OK
4,5,0.0,1.0,-1.0,4,True,815,geme815end5.png,OK
5,6,3.0,0.0,3.0,3,True,815,geme815end6.png,OK
6,7,3.0,0.0,3.0,2,False,815,geme815end7.png,OK
7,8,0.0,2.0,-2.0,1,False,815,geme815end8.png,OK
8,9,3.0,0.0,3.0,0,True,815,geme815end9.png,OK
0,1,0.0,1.0,-1.0,8,False,826,geme826end1.png,OK
1,2,0.0,1.0,-1.0,7,True,826,geme826end2.png,OK
2,3,0.0,0.0,0.0,6,True,826,geme826end3.png,OK
3,4,0.0,1.0,-1.0,5,True,826,geme826end4.png,OK
4,5,2.0,0.0,2.0,4,True,826,geme826end5.png,OK
5,6,0.0,1.0,-1.0,3,False,826,geme826end6.png,OK
6,7,1.0,0.0,1.0,2,True,826,geme826end7.png,OK
7,8,1.0,0.0,1.0,1,False,826,geme826end8.png,OK
8,9,0.0,0.0,0.0,0,False,826,geme826end9.png,OK
9,10,0.0,1.0,-1.0,0,False,826,geme826end10.png,OK
0,1,0.0,1.0,-1.0,8,False,837,geme837end1.png,OK
1,2,2.0,0.0,2.0,7,True,837,geme837end2.png,OK
2,3,0.0,2.0,-2.0,6,False,837,geme837end3.png,OK
3,4,1.0,0.0,1.0,5,True,837,geme837end4.png,OK
4,5,1.0,0.0,1.0,4,False,837,geme837end5.png,OK
5,6,0.0,1.0,-1.0,3,False,837,geme837end6.png,OK
6,7,2.0,0.0,2.0,2,True,837,geme837end7.png,OK
7,8,0.0,2.0,-2.0,1,False,837,geme837end8.png,OK
8,9,0.0,1.0,-1.0,0,True,837,geme837end9.png,OK
0,1,0.0,0.0,0.0,8,False,848,geme848end1.png,OK
1,2,0.0,1.0,-1.0,7,False,848,geme848end2.png,OK
2,3,2.0,0.0,2.0,6,True,848,geme848end3.png,OK
3,4,0.0,1.0,-1.0,5,False,848,geme848end4.png,OK
4,5,0.0,1.0,-1.0,4,True,848,geme848end5.png,OK
5,6,2.0,0.0,2.0,3,True,848,geme848end6.png,OK
6,7,0.0,0.0,0.0,2,False,848,geme848end7.png,OK
7,8,1.0,0.0,1.0,1,False,848,geme848end8.png,OK
8,9,0.0,1.0,-1.0,0,False,848,geme848end9.png,OK
0,1,3.0,0.0,3.0,8,True,859,geme859end1.png,OK
1,2,0.0,1.0,-1.0,7,False,859,geme859end2.png,OK
2,3,1.0,0.0,1.0,6,True,859,geme859end3.png,OK
3,4,3.0,0.0,3.0,5,False,859,geme859end4.png,OK
4,5,0.0,4.0,-4.0,4,False,859,geme859end5.png,OK
5,6,3.0,0.0,3.0,3,True,859,geme859end6.png,OK
6,7,0.0,2.0,-2.0,2,False,859,geme859end7.png,OK
7,8,3.0,0.0,3.0,1,True,859,geme859end8.png,OK
0,1,1.0,0.0,1.0,8,True,869,geme869end1.png,OK
1,2,1.0,0.0,1.0,7,False,869,geme869end2.png,OK
2,3,0.0,1.0,-1.0,6,False,869,geme869end3.png,OK
3,4,2.0,0.0,2.0,5,True,869,geme869end4.png,OK
4,5,0.0,0.0,0.0,4,False,869,geme869end5.png,OK
5,6,1.0,0.0,1.0,3,False,869,geme869end6.png,OK
6,7,0.0,2.0,-2.0,2,False,869,geme869end7.png,OK
7,8,0.0,1.0,-1.0,1,True,869,geme869end8.png,OK
8,9,1.0,0.0,1.0,0,True,869,geme869end9.png,OK
0,1,0.0,1.0,-1.0,8,False,880,geme880end1.png,OK
1,2,0.0,1.0,-1.0,7,True,880,geme880end2.png,OK
2,3,1.0,0.0,1.0,6,True,880,geme880end3.png,OK
3,4,1.0,0.0,1.0,5,False,880,geme880end4.png,OK
4,5,1.0,0.0,1.0,4,False,880,geme880end5.png,OK
5,6,0.0,1.0,-1.0,3,False,880,geme880end6.png,OK
6,7,3.0,0.0,3.0,2,True,880,geme880end7.png,OK
7,8,0.0,0.0,0.0,1,False,880,geme880end8.png,OK
8,9,0.0,1.0,-1.0,0,False,880,geme880end9.png,OK
9,10,1.0,0.0,1.0,0,True,880,geme880end10.png,OK
0,1,0.0,0.0,0.0,8,False,891,geme891end1.png,OK
1,2,1.0,0.0,1.0,7,False,891,geme891end2.png,OK
2,3,0.0,1.0,-1.0,6,False,891,geme891end3.png,OK
3,4,0.0,1.0,-1.0,5,True,891,geme891end4.png,OK
4,5,1.0,0.0,1.0,4,True,891,geme891end5.png,OK
5,6,0.0,1.0,-1.0,3,False,891,geme891end6.png,OK
6,7,0.0,2.0,-2.0,2,True,891,geme891end7.png,OK
7,8,0.0,3.0,-3.0,1,True,891,geme891end8.png,OK
0,1,0.0,0.0,0.0,8,False,900,geme900end1.png,OK
1,2,1.0,0.0,1.0,7,False,900,geme900end2.png,OK
2,3,0.0,0.0,0.0,6,False,900,geme900end3.png,OK
3,4,1.0,0.0,1.0,5,False,900,geme900end4.png,OK
4,5,0.0,1.0,-1.0,4,False,900,geme900end5.png,OK
5,6,1.0,0.0,1.0,3,True,900,geme900end6.png,OK
6,7,0.0,2.0,-2.0,2,False,900,geme900end7.png,OK
7,8,0.0,1.0,-1.0,1,True,900,geme900end8.png,OK
8,9,0.0,3.0,-3.0,0,True,900,geme900end9.png,OK
