,ends,red,yellow,red_diff,remain_ends,last_stone_is_red,page,filepath,INFO
0,1,0.0,0.0,0.0,8,False,7,geme7end1.png,OK
1,2,0.0,2.0,-2.0,7,False,7,geme7end2.png,OK
2,3,0.0,2.0,-2.0,6,True,7,geme7end3.png,OK
3,4,1.0,0.0,1.0,5,True,7,geme7end4.png,OK
4,5,0.0,2.0,-2.0,4,False,7,geme7end5.png,OK
5,6,2.0,0.0,2.0,3,True,7,geme7end6.png,OK
6,7,0.0,0.0,0.0,2,False,7,geme7end7.png,OK
7,8,0.0,3.0,-3.0,1,False,7,geme7end8.png,OK
0,1,0.0,0.0,0.0,8,False,22,geme22end1.png,OK
1,2,0.0,2.0,-2.0,7,False,22,geme22end2.png,OK
2,3,0.0,1.0,-1.0,6,True,22,geme22end3.png,OK
3,4,0.0,2.0,-2.0,5,True,22,geme22end4.png,OK
4,5,0.0,3.0,-3.0,4,True,22,geme22end5.png,OK
5,6,2.0,0.0,2.0,3,True,22,geme22end6.png,OK
6,7,0.0,3.0,-3.0,2,False,22,geme22end7.png,OK
7,8,1.0,0.0,1.0,1,True,22,geme22end8.png,OK
0,1,1.0,0.0,1.0,8,False,34,geme34end1.png,OK
1,2,0.0,1.0,-1.0,7,False,34,geme34end2.png,OK
2,3,1.0,0.0,1.0,6,True,34,geme34end3.png,OK
3,4,0.0,1.0,-1.0,5,False,34,geme34end4.png,OK
4,5,1.0,0.0,1.0,4,True,34,geme34end5.png,OK
5,6,0.0,1.0,-1.0,3,False,34,geme34end6.png,OK
6,7,2.0,0.0,2.0,2,True,34,geme34end7.png,OK
7,8,0.0,2.0,-2.0,1,False,34,geme34end8.png,OK
8,9,0.0,0.0,0.0,0,True,34,geme34end9.png,OK
0,1,0.0,1.0,-1.0,8,False,45,geme45end1.png,OK
1,2,2.0,0.0,2.0,7,True,45,geme45end2.png,OK
2,3,0.0,1.0,-1.0,6,False,45,geme45end3.png,OK
3,4,2.0,0.0,2.0,5,True,45,geme45end4.png,OK
4,5,0.0,2.0,-2.0,4,False,45,geme45end5.png,OK
5,6,1.0,0.0,1.0,3,True,45,geme45end6.png,OK
6,7,0.0,2.0,-2.0,2,False,45,geme45end7.png,OK
7,8,1.0,0.0,1.0,1,True,45,geme45end8.png,OK
8,9,0.0,2.0,-2.0,0,False,45,geme45end9.png,OK
9,10,2.0,0.0,2.0,0,True,45,geme45end10.png,OK
10,11,0.0,1.0,-1.0,0,False,45,geme45end11.png,OK
0,1,1.0,0.0,1.0,8,True,58,geme58end1.png,OK
1,2,1.0,0.0,1.0,7,False,58,geme58end2.png,OK
2,3,0.0,2.0,-2.0,6,False,58,geme58end3.png,OK
3,4,0.0,2.0,-2.0,5,True,58,geme58end4.png,OK
4,5,0.0,0.0,0.0,4,True,58,geme58end5.png,OK
5,6,0.0,1.0,-1.0,3,True,58,geme58end6.png,OK
6,7,0.0,1.0,-1.0,2,True,58,geme58end7.png,OK
7,8,2.0,0.0,2.0,1,True,58,geme58end8.png,OK
8,9,0.0,2.0,-2.0,0,False,58,geme58end9.png,OK
0,1,2.0,0.0,2.0,8,True,68,geme68end1.png,OK
1,2,0.0,1.0,-1.0,7,False,68,geme68end2.png,OK
2,3,0.0,0.0,0.0,6,True,68,geme68end3.png,OK
3,4,0.0,0.0,0.0,5,True,68,geme68end4.png,OK
4,5,1.0,0.0,1.0,4,True,68,geme68end5.png,OK
5,6,1.0,0.0,1.0,3,False,68,geme68end6.png,OK
6,7,3.0,0.0,3.0,2,False,68,geme68end7.png,OK
7,8,2.0,0.0,2.0,1,False,68,geme68end8.png,OK
0,1,0.0,2.0,-2.0,8,False,98,geme98end1.png,OK
1,2,0.0,0.0,0.0,7,True,98,geme98end2.png,OK
2,3,3.0,0.0,3.0,6,True,98,geme98end3.png,OK
3,4,0.0,0.0,0.0,5,False,98,geme98end4.png,OK
4,5,0.0,1.0,-1.0,4,False,98,geme98end5.png,OK
5,6,0.0,0.0,0.0,3,True,98,geme98end6.png,OK
6,7,0.0,0.0,0.0,2,True,98,geme98end7.png,OK
7,8,1.0,0.0,1.0,1,True,98,geme98end8.png,OK
8,9,0.0,2.0,-2.0,0,False,98,geme98end9.png,OK
9,10,0.0,1.0,-1.0,0,True,98,geme98end10.png,OK
0,1,1.0,0.0,1.0,8,True,109,geme109end1.png,OK
1,2,0.0,1.0,-1.0,7,False,109,geme109end2.png,OK
2,3,2.0,0.0,2.0,6,True,109,geme109end3.png,OK
3,4,0.0,1.0,-1.0,5,False,109,geme109end4.png,OK
4,5,2.0,0.0,2.0,4,True,109,geme109end5.png,OK
5,6,0.0,2.0,-2.0,3,False,109,geme109end6.png,OK
6,7,3.0,0.0,3.0,2,True,109,geme109end7.png,OK
7,8,0.0,0.0,0.0,1,False,109,geme109end8.png,OK
8,9,0.0,1.0,-1.0,0,False,109,geme109end9.png,OK
0,1,1.0,0.0,1.0,8,True,119,geme119end1.png,OK
1,2,0.0,3.0,-3.0,7,False,119,geme119end2.png,OK
2,3,0.0,1.0,-1.0,6,True,119,geme119end3.png,OK
3,4,2.0,0.0,2.0,5,True,119,geme119end4.png,OK
4,5,0.0,1.0,-1.0,4,False,119,geme119end5.png,OK
5,6,1.0,0.0,1.0,3,True,119,geme119end6.png,OK
6,7,0.0,0.0,0.0,2,False,119,geme119end7.png,OK
7,8,0.0,2.0,-2.0,1,False,119,geme119end8.png,OK
8,9,0.0,3.0,-3.0,0,True,119,geme119end9.png,OK
0,1,2.0,0.0,2.0,8,True,129,geme129end1.png,OK
1,2,0.0,1.0,-1.0,7,False,129,geme129end2.png,OK
2,3,0.0,0.0,0.0,6,True,129,geme129end3.png,OK
3,4,1.0,0.0,1.0,5,True,129,geme129end4.png,OK
4,5,0.0,4.0,-4.0,4,False,129,geme129end5.png,OK
5,6,1.0,0.0,1.0,3,True,129,geme129end6.png,OK
6,7,0.0,3.0,-3.0,2,False,129,geme129end7.png,OK
7,8,1.0,0.0,1.0,1,True,129,geme129end8.png,OK
0,1,1.0,0.0,1.0,8,True,139,geme139end1.png,OK
1,2,2.0,0.0,2.0,7,False,139,geme139end2.png,OK
2,3,1.0,0.0,1.0,6,False,139,geme139end3.png,OK
3,4,0.0,2.0,-2.0,5,False,139,geme139end4.png,OK
4,5,2.0,0.0,2.0,4,True,139,geme139end5.png,OK
5,6,1.0,0.0,1.0,3,False,139,geme139end6.png,OK
6,7,0.0,1.0,-1.0,2,False,139,geme139end7.png,OK
7,8,2.0,0.0,2.0,1,True,139,geme139end8.png,OK
0,1,1.0,0.0,1.0,8,True,148,geme148end1.png,OK
1,2,0.0,1.0,-1.0,7,False,148,geme148end2.png,OK
2,3,0.0,1.0,-1.0,6,True,148,geme148end3.png,OK
3,4,1.0,0.0,1.0,5,True,148,geme148end4.png,OK
4,5,0.0,1.0,-1.0,4,False,148,geme148end5.png,OK
5,6,1.0,0.0,1.0,3,True,148,geme148end6.png,OK
6,7,0.0,3.0,-3.0,2,False,148,geme148end7.png,OK
7,8,0.0,2.0,-2.0,1,True,148,geme148end8.png,OK
0,1,1.0,0.0,1.0,8,True,157,geme157end1.png,OK
1,2,0.0,1.0,-1.0,7,False,157,geme157end2.png,OK
2,3,1.0,0.0,1.0,6,True,157,geme157end3.png,OK
3,4,0.0,1.0,-1.0,5,False,157,geme157end4.png,OK
4,5,1.0,0.0,1.0,4,True,157,geme157end5.png,OK
5,6,0.0,2.0,-2.0,3,False,157,geme157end6.png,OK
6,7,0.0,0.0,0.0,2,True,157,geme157end7.png,OK
7,8,0.0,1.0,-1.0,1,True,157,geme157end8.png,OK
8,9,3.0,0.0,3.0,0,True,157,geme157end9.png,OK
9,10,2.0,0.0,2.0,0,False,157,geme157end10.png,OK
0,1,0.0,0.0,0.0,8,True,168,geme168end1.png,OK
1,2,1.0,0.0,1.0,7,True,168,geme168end2.png,OK
2,3,0.0,3.0,-3.0,6,False,168,geme168end3.png,OK
3,4,1.0,0.0,1.0,5,True,168,geme168end4.png,OK
4,5,0.0,2.0,-2.0,4,False,168,geme168end5.png,OK
5,6,0.0,0.0,0.0,3,True,168,geme168end6.png,OK
6,7,0.0,2.0,-2.0,2,True,168,geme168end7.png,OK
7,8,0.0,2.0,-2.0,1,True,168,geme168end8.png,OK
0,1,0.0,1.0,-1.0,8,False,178,geme178end1.png,OK
1,2,4.0,0.0,4.0,7,True,178,geme178end2.png,OK
2,3,0.0,1.0,-1.0,6,False,178,geme178end3.png,OK
3,4,3.0,0.0,3.0,5,True,178,geme178end4.png,OK
4,5,0.0,1.0,-1.0,4,False,178,geme178end5.png,OK
5,6,2.0,0.0,2.0,3,True,178,geme178end6.png,OK
6,7,0.0,2.0,-2.0,2,False,178,geme178end7.png,OK
7,8,3.0,0.0,3.0,1,True,178,geme178end8.png,OK
0,1,2.0,0.0,2.0,8,True,187,geme187end1.png,OK
1,2,1.0,0.0,1.0,7,False,187,geme187end2.png,OK
2,3,0.0,4.0,-4.0,6,False,187,geme187end3.png,OK
3,4,1.0,0.0,1.0,5,True,187,geme187end4.png,OK
4,5,0.0,2.0,-2.0,4,False,187,geme187end5.png,OK
5,6,2.0,0.0,2.0,3,True,187,geme187end6.png,OK
6,7,1.0,0.0,1.0,2,False,187,geme187end7.png,OK
7,8,0.0,0.0,0.0,1,False,187,geme187end8.png,OK
8,9,1.0,0.0,1.0,0,False,187,geme187end9.png,OK
0,1,2.0,0.0,2.0,8,True,198,geme198end1.png,OK
1,2,0.0,1.0,-1.0,7,False,198,geme198end2.png,OK
2,3,1.0,0.0,1.0,6,True,198,geme198end3.png,OK
3,4,0.0,2.0,-2.0,5,False,198,geme198end4.png,OK
4,5,4.0,0.0,4.0,4,True,198,geme198end5.png,OK
5,6,0.0,1.0,-1.0,3,False,198,geme198end6.png,OK
6,7,2.0,0.0,2.0,2,True,198,geme198end7.png,OK
7,8,0.0,1.0,-1.0,1,False,198,geme198end8.png,OK
0,1,1.0,0.0,1.0,8,True,207,geme207end1.png,OK
1,2,0.0,1.0,-1.0,7,False,207,geme207end2.png,OK
2,3,3.0,0.0,3.0,6,True,207,geme207end3.png,OK
3,4,1.0,0.0,1.0,5,False,207,geme207end4.png,OK
4,5,0.0,2.0,-2.0,4,False,207,geme207end5.png,OK
5,6,2.0,0.0,2.0,3,True,207,geme207end6.png,OK
6,7,0.0,1.0,-1.0,2,False,207,geme207end7.png,OK
7,8,5.0,0.0,5.0,1,True,207,geme207end8.png,OK
0,1,1.0,0.0,1.0,8,True,217,geme217end1.png,OK
1,2,0.0,1.0,-1.0,7,False,217,geme217end2.png,OK
2,3,0.0,0.0,0.0,6,True,217,geme217end3.png,OK
3,4,1.0,0.0,1.0,5,True,217,geme217end4.png,OK
4,5,1.0,0.0,1.0,4,False,217,geme217end5.png,OK
5,6,1.0,0.0,1.0,3,False,217,geme217end6.png,OK
6,7,1.0,0.0,1.0,2,False,217,geme217end7.png,OK
7,8,2.0,0.0,2.0,1,False,217,geme217end8.png,OK
0,1,0.0,1.0,-1.0,8,False,226,geme226end1.png,OK
1,2,1.0,0.0,1.0,7,True,226,geme226end2.png,OK
2,3,0.0,2.0,-2.0,6,False,226,geme226end3.png,OK
3,4,0.0,0.0,0.0,5,True,226,geme226end4.png,OK
4,5,1.0,0.0,1.0,4,True,226,geme226end5.png,OK
5,6,0.0,1.0,-1.0,3,False,226,geme226end6.png,OK
6,7,1.0,0.0,1.0,2,True,226,geme226end7.png,OK
7,8,0.0,0.0,0.0,1,False,226,geme226end8.png,OK
8,9,0.0,2.0,-2.0,0,False,226,geme226end9.png,OK
0,1,1.0,0.0,1.0,8,True,237,geme237end1.png,OK
1,2,0.0,1.0,-1.0,7,False,237,geme237end2.png,OK
2,3,1.0,0.0,1.0,6,True,237,geme237end3.png,OK
3,4,0.0,0.0,0.0,5,False,237,geme237end4.png,OK
4,5,1.0,0.0,1.0,4,False,237,geme237end5.png,OK
5,6,0.0,1.0,-1.0,3,False,237,geme237end6.png,OK
6,7,2.0,0.0,2.0,2,True,237,geme237end7.png,OK
7,8,0.0,2.0,-2.0,1,False,237,geme237end8.png,OK
8,9,2.0,0.0,2.0,0,True,237,geme237end9.png,OK
0,1,1.0,0.0,1.0,8,True,248,geme248end1.png,OK
1,2,0.0,0.0,0.0,7,False,248,geme248end2.png,OK
2,3,0.0,1.0,-1.0,6,False,248,geme248end3.png,OK
3,4,1.0,0.0,1.0,5,True,248,geme248end4.png,OK
4,5,0.0,3.0,-3.0,4,False,248,geme248end5.png,OK
5,6,1.0,0.0,1.0,3,True,248,geme248end6.png,OK
6,7,0.0,1.0,-1.0,2,False,248,geme248end7.png,OK
7,8,2.0,0.0,2.0,1,True,248,geme248end8.png,OK
8,9,1.0,0.0,1.0,0,False,248,geme248end9.png,OK
9,10,0.0,2.0,-2.0,0,False,248,geme248end10.png,OK
0,1,0.0,1.0,-1.0,8,False,260,geme260end1.png,OK
1,2,1.0,0.0,1.0,7,True,260,geme260end2.png,OK
2,3,0.0,2.0,-2.0,6,False,260,geme260end3.png,OK
3,4,3.0,0.0,3.0,5,True,260,geme260end4.png,OK
4,5,0.0,2.0,-2.0,4,False,260,geme260end5.png,OK
5,6,2.0,0.0,2.0,3,True,260,geme260end6.png,OK
6,7,0.0,1.0,-1.0,2,False,260,geme260end7.png,OK
7,8,2.0,0.0,2.0,1,True,260,geme260end8.png,OK
8,9,0.0,3.0,-3.0,0,False,260,geme260end9.png,OK
9,10,4.0,0.0,4.0,0,True,260,geme260end10.png,OK
0,1,2.0,0.0,2.0,8,True,271,geme271end1.png,OK
1,2,1.0,0.0,1.0,7,False,271,geme271end2.png,OK
2,3,2.0,0.0,2.0,6,False,271,geme271end3.png,OK
3,4,0.0,2.0,-2.0,5,False,271,geme271end4.png,OK
4,5,1.0,0.0,1.0,4,True,271,geme271end5.png,OK
5,6,1.0,0.0,1.0,3,False,271,geme271end6.png,OK
6,7,0.0,1.0,-1.0,2,False,271,geme271end7.png,OK
7,8,1.0,0.0,1.0,1,True,271,geme271end8.png,OK
0,1,0.0,1.0,-1.0,8,True,280,geme280end1.png,OK
1,2,2.0,0.0,2.0,7,True,280,geme280end2.png,OK
2,3,0.0,2.0,-2.0,6,False,280,geme280end3.png,OK
3,4,1.0,0.0,1.0,5,True,280,geme280end4.png,OK
4,5,0.0,2.0,-2.0,4,False,280,geme280end5.png,OK
5,6,0.0,2.0,-2.0,3,True,280,geme280end6.png,OK
6,7,0.0,1.0,-1.0,2,True,280,geme280end7.png,OK
7,8,1.0,0.0,1.0,1,True,280,geme280end8.png,OK
0,1,0.0,0.0,0.0,8,True,289,geme289end1.png,OK
1,2,3.0,0.0,3.0,7,True,289,geme289end2.png,OK
2,3,0.0,2.0,-2.0,6,False,289,geme289end3.png,OK
3,4,0.0,0.0,0.0,5,True,289,geme289end4.png,OK
4,5,1.0,0.0,1.0,4,True,289,geme289end5.png,OK
5,6,0.0,1.0,-1.0,3,False,289,geme289end6.png,OK
6,7,2.0,0.0,2.0,2,True,289,geme289end7.png,OK
7,8,0.0,2.0,-2.0,1,False,289,geme289end8.png,OK
8,9,3.0,0.0,3.0,0,True,289,geme289end9.png,OK
0,1,0.0,2.0,-2.0,8,False,300,geme300end1.png,OK
1,2,0.0,0.0,0.0,7,True,300,geme300end2.png,OK
2,3,1.0,0.0,1.0,6,True,300,geme300end3.png,OK
3,4,0.0,2.0,-2.0,5,False,300,geme300end4.png,OK
4,5,1.0,0.0,1.0,4,True,300,geme300end5.png,OK
5,6,0.0,2.0,-2.0,3,False,300,geme300end6.png,OK
6,7,0.0,1.0,-1.0,2,True,300,geme300end7.png,OK
7,8,2.0,0.0,2.0,1,True,300,geme300end8.png,OK
8,9,0.0,2.0,-2.0,0,False,300,geme300end9.png,OK
0,1,0.0,2.0,-2.0,8,True,310,geme310end1.png,OK
1,2,0.0,1.0,-1.0,7,True,310,geme310end2.png,OK
2,3,0.0,2.0,-2.0,6,True,310,geme310end3.png,OK
3,4,0.0,1.0,-1.0,5,True,310,geme310end4.png,OK
4,5,1.0,0.0,1.0,4,True,310,geme310end5.png,OK
5,6,1.0,0.0,1.0,3,False,310,geme310end6.png,OK
6,7,0.0,2.0,-2.0,2,False,310,geme310end7.png,OK
0,1,0.0,3.0,-3.0,8,True,318,geme318end1.png,OK
1,2,1.0,0.0,1.0,7,True,318,geme318end2.png,OK
2,3,0.0,0.0,0.0,6,False,318,geme318end3.png,OK
3,4,0.0,1.0,-1.0,5,False,318,geme318end4.png,OK
4,5,0.0,1.0,-1.0,4,True,318,geme318end5.png,OK
5,6,1.0,0.0,1.0,3,True,318,geme318end6.png,OK
6,7,0.0,2.0,-2.0,2,False,318,geme318end7.png,OK
7,8,2.0,0.0,2.0,1,True,318,geme318end8.png,OK
0,1,0.0,1.0,-1.0,8,False,327,geme327end1.png,OK
1,2,3.0,0.0,3.0,7,True,327,geme327end2.png,OK
2,3,0.0,2.0,-2.0,6,False,327,geme327end3.png,OK
3,4,0.0,1.0,-1.0,5,True,327,geme327end4.png,OK
4,5,0.0,0.0,0.0,4,True,327,geme327end5.png,OK
5,6,0.0,3.0,-3.0,3,True,327,geme327end6.png,OK
6,7,2.0,0.0,2.0,2,True,327,geme327end7.png,OK
7,8,0.0,1.0,-1.0,1,False,327,geme327end8.png,OK
0,1,0.0,0.0,0.0,8,True,338,geme338end1.png,OK
1,2,1.0,0.0,1.0,7,True,338,geme338end2.png,OK
2,3,0.0,5.0,-5.0,6,False,338,geme338end3.png,OK
3,4,1.0,0.0,1.0,5,True,338,geme338end4.png,OK
4,5,0.0,2.0,-2.0,4,False,338,geme338end5.png,OK
5,6,1.0,0.0,1.0,3,True,338,geme338end6.png,OK
6,7,0.0,2.0,-2.0,2,False,338,geme338end7.png,OK
0,1,1.0,0.0,1.0,8,True,346,geme346end1.png,OK
1,2,0.0,1.0,-1.0,7,False,346,geme346end2.png,OK
2,3,1.0,0.0,1.0,6,True,346,geme346end3.png,OK
3,4,1.0,0.0,1.0,5,False,346,geme346end4.png,OK
4,5,1.0,0.0,1.0,4,False,346,geme346end5.png,OK
5,6,0.0,1.0,-1.0,3,False,346,geme346end6.png,OK
6,7,2.0,0.0,2.0,2,True,346,geme346end7.png,OK
7,8,0.0,0.0,0.0,1,False,346,geme346end8.png,OK
8,9,0.0,3.0,-3.0,0,False,346,geme346end9.png,OK
0,1,0.0,0.0,0.0,8,False,357,geme357end1.png,OK
1,2,0.0,3.0,-3.0,7,False,357,geme357end2.png,OK
2,3,2.0,0.0,2.0,6,True,357,geme357end3.png,OK
3,4,0.0,2.0,-2.0,5,False,357,geme357end4.png,OK
4,5,1.0,0.0,1.0,4,True,357,geme357end5.png,OK
5,6,0.0,2.0,-2.0,3,False,357,geme357end6.png,OK
6,7,2.0,0.0,2.0,2,True,357,geme357end7.png,OK
7,8,0.0,2.0,-2.0,1,False,357,geme357end8.png,OK
8,9,1.0,0.0,1.0,0,True,357,geme357end9.png,OK
0,1,1.0,0.0,1.0,8,True,367,geme367end1.png,OK
1,2,0.0,1.0,-1.0,7,False,367,geme367end2.png,OK
2,3,3.0,0.0,3.0,6,True,367,geme367end3.png,OK
3,4,0.0,1.0,-1.0,5,False,367,geme367end4.png,OK
4,5,3.0,0.0,3.0,4,True,367,geme367end5.png,OK
5,6,0.0,1.0,-1.0,3,False,367,geme367end6.png,OK
6,7,3.0,0.0,3.0,2,True,367,geme367end7.png,OK
0,1,0.0,3.0,-3.0,8,False,376,geme376end1.png,OK
1,2,0.0,0.0,0.0,7,True,376,geme376end2.png,OK
2,3,0.0,0.0,0.0,6,True,376,geme376end3.png,OK
3,4,1.0,0.0,1.0,5,True,376,geme376end4.png,OK
4,5,0.0,1.0,-1.0,4,False,376,geme376end5.png,OK
5,6,2.0,0.0,2.0,3,True,376,geme376end6.png,OK
6,7,0.0,2.0,-2.0,2,False,376,geme376end7.png,OK
7,8,0.0,3.0,-3.0,1,True,376,geme376end8.png,OK
0,1,0.0,0.0,0.0,8,True,385,geme385end1.png,OK
1,2,1.0,0.0,1.0,7,True,385,geme385end2.png,OK
2,3,0.0,0.0,0.0,6,False,385,geme385end3.png,OK
3,4,0.0,1.0,-1.0,5,False,385,geme385end4.png,OK
4,5,0.0,0.0,0.0,4,True,385,geme385end5.png,OK
5,6,2.0,0.0,2.0,3,True,385,geme385end6.png,OK
6,7,0.0,1.0,-1.0,2,False,385,geme385end7.png,OK
7,8,2.0,0.0,2.0,1,True,385,geme385end8.png,OK
8,9,0.0,1.0,-1.0,0,False,385,geme385end9.png,OK
0,1,0.0,3.0,-3.0,8,False,396,geme396end1.png,OK
1,2,1.0,0.0,1.0,7,True,396,geme396end2.png,OK
2,3,0.0,3.0,-3.0,6,False,396,geme396end3.png,OK
3,4,0.0,2.0,-2.0,5,True,396,geme396end4.png,OK
4,5,1.0,0.0,1.0,4,True,396,geme396end5.png,OK
5,6,0.0,0.0,0.0,3,False,396,geme396end6.png,OK
0,1,0.0,1.0,-1.0,8,False,403,geme403end1.png,OK
1,2,2.0,0.0,2.0,7,True,403,geme403end2.png,OK
2,3,3.0,0.0,3.0,6,False,403,geme403end3.png,OK
3,4,3.0,0.0,3.0,5,False,403,geme403end4.png,OK
4,5,0.0,3.0,-3.0,4,False,403,geme403end5.png,OK
5,6,0.0,0.0,0.0,3,True,403,geme403end6.png,OK
6,7,3.0,0.0,3.0,2,True,403,geme403end7.png,OK
0,1,1.0,0.0,1.0,8,True,412,geme412end1.png,OK
1,2,0.0,2.0,-2.0,7,False,412,geme412end2.png,OK
2,3,0.0,1.0,-1.0,6,True,412,geme412end3.png,OK
3,4,1.0,0.0,1.0,5,True,412,geme412end4.png,OK
4,5,0.0,1.0,-1.0,4,False,412,geme412end5.png,OK
5,6,1.0,0.0,1.0,3,True,412,geme412end6.png,OK
6,7,0.0,1.0,-1.0,2,False,412,geme412end7.png,OK
7,8,1.0,0.0,1.0,1,True,412,geme412end8.png,OK
8,9,3.0,0.0,3.0,0,False,412,geme412end9.png,OK
9,10,0.0,2.0,-2.0,0,False,412,geme412end10.png,OK
10,11,1.0,0.0,1.0,0,True,412,geme412end11.png,OK
0,1,1.0,0.0,1.0,8,True,424,geme424end1.png,OK
1,2,1.0,0.0,1.0,7,False,424,geme424end2.png,OK
2,3,1.0,0.0,1.0,6,False,424,geme424end3.png,OK
3,4,1.0,0.0,1.0,5,False,424,geme424end4.png,OK
4,5,0.0,2.0,-2.0,4,False,424,geme424end5.png,OK
5,6,5.0,0.0,5.0,3,True,424,geme424end6.png,OK
0,1,0.0,3.0,-3.0,8,False,431,geme431end1.png,OK
1,2,1.0,0.0,1.0,7,True,431,geme431end2.png,OK
2,3,0.0,1.0,-1.0,6,False,431,geme431end3.png,OK
3,4,1.0,0.0,1.0,5,True,431,geme431end4.png,OK
4,5,2.0,0.0,2.0,4,False,431,geme431end5.png,OK
5,6,0.0,2.0,-2.0,3,False,431,geme431end6.png,OK
6,7,2.0,0.0,2.0,2,True,431,geme431end7.png,OK
7,8,2.0,0.0,2.0,1,False,431,geme431end8.png,OK
8,9,0.0,2.0,-2.0,0,False,431,geme431end9.png,OK
9,10,0.0,3.0,-3.0,0,True,431,geme431end10.png,OK
0,1,0.0,0.0,0.0,8,False,442,geme442end1.png,OK
1,2,0.0,1.0,-1.0,7,False,442,geme442end2.png,OK
2,3,1.0,0.0,1.0,6,True,442,geme442end3.png,OK
3,4,1.0,0.0,1.0,5,False,442,geme442end4.png,OK
4,5,0.0,1.0,-1.0,4,False,442,geme442end5.png,OK
5,6,3.0,0.0,3.0,3,True,442,geme442end6.png,OK
6,7,0.0,2.0,-2.0,2,False,442,geme442end7.png,OK
7,8,4.0,0.0,4.0,1,True,442,geme442end8.png,OK
0,1,0.0,1.0,-1.0,8,False,452,geme452end1.png,OK
1,2,0.0,0.0,0.0,7,True,452,geme452end2.png,OK
2,3,1.0,0.0,1.0,6,True,452,geme452end3.png,OK
3,4,0.0,0.0,0.0,5,False,452,geme452end4.png,OK
4,5,0.0,4.0,-4.0,4,False,452,geme452end5.png,OK
5,6,0.0,0.0,0.0,3,True,452,geme452end6.png,OK
6,7,0.0,0.0,0.0,2,True,452,geme452end7.png,OK
7,8,2.0,0.0,2.0,1,True,452,geme452end8.png,OK
8,9,0.0,3.0,-3.0,0,False,452,geme452end9.png,OK
0,1,2.0,0.0,2.0,8,True,462,geme462end1.png,OK
1,2,0.0,1.0,-1.0,7,False,462,geme462end2.png,OK
2,3,3.0,0.0,3.0,6,True,462,geme462end3.png,OK
3,4,0.0,2.0,-2.0,5,False,462,geme462end4.png,OK
4,5,2.0,0.0,2.0,4,True,462,geme462end5.png,OK
5,6,0.0,1.0,-1.0,3,False,462,geme462end6.png,OK
6,7,2.0,0.0,2.0,2,True,462,geme462end7.png,OK
7,8,1.0,0.0,1.0,1,False,462,geme462end8.png,OK
0,1,0.0,1.0,-1.0,8,True,471,geme471end1.png,OK
1,2,0.0,1.0,-1.0,7,True,471,geme471end2.png,OK
2,3,1.0,0.0,1.0,6,True,471,geme471end3.png,OK
3,4,0.0,2.0,-2.0,5,False,471,geme471end4.png,OK
4,5,0.0,1.0,-1.0,4,True,471,geme471end5.png,OK
5,6,0.0,0.0,0.0,3,True,471,geme471end6.png,OK
6,7,2.0,0.0,2.0,2,True,471,geme471end7.png,OK
7,8,0.0,3.0,-3.0,1,False,471,geme471end8.png,OK
0,1,2.0,0.0,2.0,8,True,480,geme480end1.png,OK
1,2,0.0,2.0,-2.0,7,False,480,geme480end2.png,OK
2,3,1.0,0.0,1.0,6,True,480,geme480end3.png,OK
3,4,0.0,0.0,0.0,5,False,480,geme480end4.png,OK
4,5,0.0,0.0,0.0,4,False,480,geme480end5.png,OK
5,6,0.0,1.0,-1.0,3,False,480,geme480end6.png,OK
6,7,1.0,0.0,1.0,2,True,480,geme480end7.png,OK
7,8,0.0,1.0,-1.0,1,False,480,geme480end8.png,OK
8,9,3.0,0.0,3.0,0,True,480,geme480end9.png,OK
0,1,0.0,2.0,-2.0,8,False,492,geme492end1.png,OK
1,2,5.0,0.0,5.0,7,True,492,geme492end2.png,OK
2,3,0.0,1.0,-1.0,6,False,492,geme492end3.png,OK
3,4,0.0,0.0,0.0,5,True,492,geme492end4.png,OK
4,5,0.0,1.0,-1.0,4,True,492,geme492end5.png,OK
5,6,1.0,0.0,1.0,3,True,492,geme492end6.png,OK
6,7,0.0,2.0,-2.0,2,False,492,geme492end7.png,OK
7,8,0.0,1.0,-1.0,1,True,492,geme492end8.png,OK
8,9,0.0,0.0,0.0,0,True,492,geme492end9.png,OK
9,10,0.0,2.0,-2.0,0,True,492,geme492end10.png,OK
0,1,0.0,1.0,-1.0,8,False,503,geme503end1.png,OK
1,2,1.0,0.0,1.0,7,True,503,geme503end2.png,OK
2,3,0.0,2.0,-2.0,6,False,503,geme503end3.png,OK
3,4,0.0,3.0,-3.0,5,True,503,geme503end4.png,OK
4,5,1.0,0.0,1.0,4,True,503,geme503end5.png,OK
5,6,0.0,1.0,-1.0,3,False,503,geme503end6.png,OK
6,7,1.0,0.0,1.0,2,True,503,geme503end7.png,OK
7,8,0.0,1.0,-1.0,1,False,503,geme503end8.png,OK
0,1,0.0,2.0,-2.0,8,False,512,geme512end1.png,OK
1,2,1.0,0.0,1.0,7,True,512,geme512end2.png,OK
2,3,0.0,1.0,-1.0,6,False,512,geme512end3.png,OK
3,4,2.0,0.0,2.0,5,True,512,geme512end4.png,OK
4,5,0.0,3.0,-3.0,4,False,512,geme512end5.png,OK
5,6,0.0,1.0,-1.0,3,True,512,geme512end6.png,OK
6,7,2.0,0.0,2.0,2,True,512,geme512end7.png,OK
7,8,0.0,1.0,-1.0,1,False,512,geme512end8.png,OK
8,9,1.0,0.0,1.0,0,True,512,geme512end9.png,OK
9,10,0.0,1.0,-1.0,0,False,512,geme512end10.png,OK
0,1,0.0,2.0,-2.0,8,True,523,geme523end1.png,OK
1,2,2.0,0.0,2.0,7,True,523,geme523end2.png,OK
2,3,0.0,2.0,-2.0,6,False,523,geme523end3.png,OK
3,4,0.0,0.0,0.0,5,True,523,geme523end4.png,OK
4,5,3.0,0.0,3.0,4,True,523,geme523end5.png,OK
5,6,0.0,3.0,-3.0,3,False,523,geme523end6.png,OK
6,7,1.0,0.0,1.0,2,True,523,geme523end7.png,OK
7,8,0.0,1.0,-1.0,1,False,523,geme523end8.png,OK
8,9,1.0,0.0,1.0,0,True,523,geme523end9.png,OK
9,10,1.0,0.0,1.0,0,False,523,geme523end10.png,OK
10,11,0.0,1.0,-1.0,0,False,523,geme523end11.png,OK
0,1,0.0,0.0,0.0,8,False,536,geme536end1.png,OK
1,2,0.0,3.0,-3.0,7,False,536,geme536end2.png,OK
2,3,1.0,0.0,1.0,6,True,536,geme536end3.png,OK
3,4,0.0,1.0,-1.0,5,False,536,geme536end4.png,OK
4,5,1.0,0.0,1.0,4,True,536,geme536end5.png,OK
5,6,0.0,0.0,0.0,3,False,536,geme536end6.png,OK
6,7,1.0,0.0,1.0,2,False,536,geme536end7.png,OK
7,8,1.0,0.0,1.0,1,False,536,geme536end8.png,OK
8,9,0.0,2.0,-2.0,0,False,536,geme536end9.png,OK
9,10,0.0,2.0,-2.0,0,True,536,geme536end10.png,OK
0,1,2.0,0.0,2.0,8,True,547,geme547end1.png,OK
1,2,0.0,1.0,-1.0,7,False,547,geme547end2.png,OK
2,3,2.0,0.0,2.0,6,True,547,geme547end3.png,OK
3,4,0.0,3.0,-3.0,5,False,547,geme547end4.png,OK
4,5,0.0,1.0,-1.0,4,True,547,geme547end5.png,OK
5,6,2.0,0.0,2.0,3,True,547,geme547end6.png,OK
6,7,0.0,2.0,-2.0,2,False,547,geme547end7.png,OK
7,8,0.0,1.0,-1.0,1,True,547,geme547end8.png,OK
8,9,2.0,0.0,2.0,0,True,547,geme547end9.png,OK
9,10,2.0,0.0,2.0,0,False,547,geme547end10.png,OK
0,1,3.0,0.0,3.0,8,True,558,geme558end1.png,OK
1,2,0.0,1.0,-1.0,7,False,558,geme558end2.png,OK
2,3,4.0,0.0,4.0,6,True,558,geme558end3.png,OK
3,4,0.0,1.0,-1.0,5,False,558,geme558end4.png,OK
4,5,3.0,0.0,3.0,4,True,558,geme558end5.png,OK
5,6,0.0,3.0,-3.0,3,False,558,geme558end6.png,OK
0,1,0.0,2.0,-2.0,8,False,566,geme566end1.png,OK
1,2,4.0,0.0,4.0,7,True,566,geme566end2.png,OK
2,3,2.0,0.0,2.0,6,False,566,geme566end3.png,OK
3,4,3.0,0.0,3.0,5,False,566,geme566end4.png,OK
4,5,0.0,3.0,-3.0,4,False,566,geme566end5.png,OK
5,6,2.0,0.0,2.0,3,True,566,geme566end6.png,OK
0,1,1.0,0.0,1.0,8,True,573,geme573end1.png,OK
1,2,3.0,0.0,3.0,7,False,573,geme573end2.png,OK
2,3,2.0,0.0,2.0,6,False,573,geme573end3.png,OK
3,4,0.0,1.0,-1.0,5,False,573,geme573end4.png,OK
4,5,1.0,0.0,1.0,4,True,573,geme573end5.png,OK
5,6,0.0,1.0,-1.0,3,False,573,geme573end6.png,OK
0,1,0.0,0.0,0.0,8,False,580,geme580end1.png,OK
1,2,0.0,3.0,-3.0,7,False,580,geme580end2.png,OK
2,3,2.0,0.0,2.0,6,True,580,geme580end3.png,OK
3,4,0.0,3.0,-3.0,5,False,580,geme580end4.png,OK
4,5,0.0,2.0,-2.0,4,True,580,geme580end5.png,OK
5,6,2.0,0.0,2.0,3,True,580,geme580end6.png,OK
6,7,0.0,3.0,-3.0,2,False,580,geme580end7.png,OK
0,1,1.0,0.0,1.0,8,True,588,geme588end1.png,OK
1,2,2.0,0.0,2.0,7,False,588,geme588end2.png,OK
2,3,0.0,0.0,0.0,6,False,588,geme588end3.png,OK
3,4,0.0,0.0,0.0,5,False,588,geme588end4.png,OK
4,5,0.0,1.0,-1.0,4,False,588,geme588end5.png,OK
5,6,1.0,0.0,1.0,3,True,588,geme588end6.png,OK
6,7,0.0,2.0,-2.0,2,False,588,geme588end7.png,OK
7,8,0.0,2.0,-2.0,1,True,588,geme588end8.png,OK
8,9,0.0,1.0,-1.0,0,True,588,geme588end9.png,OK
9,10,2.0,0.0,2.0,0,True,588,geme588end10.png,OK
10,11,0.0,1.0,-1.0,0,False,588,geme588end11.png,OK
0,1,2.0,0.0,2.0,8,True,601,geme601end1.png,OK
1,2,0.0,1.0,-1.0,7,False,601,geme601end2.png,OK
2,3,3.0,0.0,3.0,6,True,601,geme601end3.png,OK
3,4,2.0,0.0,2.0,5,False,601,geme601end4.png,OK
4,5,1.0,0.0,1.0,4,False,601,geme601end5.png,OK
5,6,0.0,2.0,-2.0,3,False,601,geme601end6.png,OK
6,7,2.0,0.0,2.0,2,True,601,geme601end7.png,OK
0,1,0.0,0.0,0.0,8,False,609,geme609end1.png,OK
1,2,0.0,1.0,-1.0,7,False,609,geme609end2.png,OK
2,3,1.0,0.0,1.0,6,True,609,geme609end3.png,OK
3,4,0.0,3.0,-3.0,5,False,609,geme609end4.png,OK
4,5,1.0,0.0,1.0,4,True,609,geme609end5.png,OK
5,6,0.0,0.0,0.0,3,False,609,geme609end6.png,OK
6,7,0.0,2.0,-2.0,2,False,609,geme609end7.png,OK
7,8,0.0,3.0,-3.0,1,True,609,geme609end8.png,OK
0,1,1.0,0.0,1.0,8,True,618,geme618end1.png,OK
1,2,0.0,1.0,-1.0,7,False,618,geme618end2.png,OK
2,3,2.0,0.0,2.0,6,True,618,geme618end3.png,OK
3,4,0.0,1.0,-1.0,5,False,618,geme618end4.png,OK
4,5,0.0,0.0,0.0,4,True,618,geme618end5.png,OK
5,6,0.0,0.0,0.0,3,True,618,geme618end6.png,OK
6,7,2.0,0.0,2.0,2,True,618,geme618end7.png,OK
7,8,0.0,1.0,-1.0,1,False,618,geme618end8.png,OK
8,9,1.0,0.0,1.0,0,True,618,geme618end9.png,OK
0,1,0.0,2.0,-2.0,8,False,629,geme629end1.png,OK
1,2,0.0,1.0,-1.0,7,True,629,geme629end2.png,OK
2,3,0.0,1.0,-1.0,6,True,629,geme629end3.png,OK
3,4,0.0,1.0,-1.0,5,True,629,geme629end4.png,OK
4,5,2.0,0.0,2.0,4,True,629,geme629end5.png,OK
5,6,1.0,0.0,1.0,3,False,629,geme629end6.png,OK
6,7,0.0,1.0,-1.0,2,False,629,geme629end7.png,OK
7,8,2.0,0.0,2.0,1,True,629,geme629end8.png,OK
8,9,0.0,2.0,-2.0,0,False,629,geme629end9.png,OK
0,1,0.0,0.0,0.0,8,True,641,geme641end1.png,OK
1,2,0.0,1.0,-1.0,7,True,641,geme641end2.png,OK
2,3,3.0,0.0,3.0,6,True,641,geme641end3.png,OK
3,4,0.0,2.0,-2.0,5,False,641,geme641end4.png,OK
4,5,0.0,0.0,0.0,4,True,641,geme641end5.png,OK
5,6,1.0,0.0,1.0,3,True,641,geme641end6.png,OK
6,7,0.0,2.0,-2.0,2,False,641,geme641end7.png,OK
7,8,0.0,1.0,-1.0,1,True,641,geme641end8.png,OK
8,9,0.0,1.0,-1.0,0,True,641,geme641end9.png,OK
9,10,0.0,1.0,-1.0,0,True,641,geme641end10.png,OK
0,1,0.0,1.0,-1.0,8,False,652,geme652end1.png,OK
1,2,1.0,0.0,1.0,7,True,652,geme652end2.png,OK
2,3,0.0,1.0,-1.0,6,False,652,geme652end3.png,OK
3,4,1.0,0.0,1.0,5,True,652,geme652end4.png,OK
4,5,0.0,0.0,0.0,4,False,652,geme652end5.png,OK
5,6,0.0,1.0,-1.0,3,False,652,geme652end6.png,OK
6,7,3.0,0.0,3.0,2,True,652,geme652end7.png,OK
7,8,1.0,0.0,1.0,1,False,652,geme652end8.png,OK
8,9,2.0,0.0,2.0,0,False,652,geme652end9.png,OK
0,1,1.0,0.0,1.0,8,True,662,geme662end1.png,OK
1,2,0.0,3.0,-3.0,7,False,662,geme662end2.png,OK
2,3,2.0,0.0,2.0,6,True,662,geme662end3.png,OK
3,4,0.0,2.0,-2.0,5,False,662,geme662end4.png,OK
4,5,1.0,0.0,1.0,4,True,662,geme662end5.png,OK
5,6,0.0,1.0,-1.0,3,False,662,geme662end6.png,OK
6,7,3.0,0.0,3.0,2,True,662,geme662end7.png,OK
7,8,0.0,4.0,-4.0,1,False,662,geme662end8.png,OK
8,9,0.0,0.0,0.0,0,True,662,geme662end9.png,OK
0,1,1.0,0.0,1.0,8,True,674,geme674end1.png,OK
1,2,0.0,3.0,-3.0,7,False,674,geme674end2.png,OK
2,3,0.0,2.0,-2.0,6,True,674,geme674end3.png,OK
3,4,1.0,0.0,1.0,5,True,674,geme674end4.png,OK
4,5,0.0,1.0,-1.0,4,False,674,geme674end5.png,OK
5,6,2.0,0.0,2.0,3,True,674,geme674end6.png,OK
6,7,0.0,1.0,-1.0,2,False,674,geme674end7.png,OK
7,8,2.0,0.0,2.0,1,True,674,geme674end8.png,OK
8,9,0.0,3.0,-3.0,0,False,674,geme674end9.png,OK
0,1,0.0,1.0,-1.0,8,False,684,geme684end1.png,OK
1,2,1.0,0.0,1.0,7,True,684,geme684end2.png,OK
2,3,1.0,0.0,1.0,6,False,684,geme684end3.png,OK
3,4,0.0,0.0,0.0,5,False,684,geme684end4.png,OK
4,5,1.0,0.0,1.0,4,False,684,geme684end5.png,OK
5,6,0.0,1.0,-1.0,3,False,684,geme684end6.png,OK
6,7,3.0,0.0,3.0,2,True,684,geme684end7.png,OK
7,8,0.0,1.0,-1.0,1,False,684,geme684end8.png,OK
8,9,0.0,1.0,-1.0,0,True,684,geme684end9.png,OK
9,10,0.0,1.0,-1.0,0,True,684,geme684end10.png,OK
0,1,1.0,0.0,1.0,8,True,695,geme695end1.png,OK
1,2,1.0,0.0,1.0,7,False,695,geme695end2.png,OK
2,3,0.0,1.0,-1.0,6,False,695,geme695end3.png,OK
3,4,0.0,0.0,0.0,5,True,695,geme695end4.png,OK
4,5,1.0,0.0,1.0,4,True,695,geme695end5.png,OK
5,6,0.0,1.0,-1.0,3,False,695,geme695end6.png,OK
6,7,2.0,0.0,2.0,2,True,695,geme695end7.png,OK
7,8,1.0,0.0,1.0,1,False,695,geme695end8.png,OK
8,9,1.0,0.0,1.0,0,False,695,geme695end9.png,OK
0,1,0.0,2.0,-2.0,8,False,705,geme705end1.png,OK
1,2,0.0,2.0,-2.0,7,True,705,geme705end2.png,OK
2,3,2.0,0.0,2.0,6,True,705,geme705end3.png,OK
3,4,0.0,1.0,-1.0,5,False,705,geme705end4.png,OK
4,5,0.0,0.0,0.0,4,True,705,geme705end5.png,OK
5,6,1.0,0.0,1.0,3,True,705,geme705end6.png,OK
6,7,1.0,0.0,1.0,2,False,705,geme705end7.png,OK
7,8,0.0,1.0,-1.0,1,False,705,geme705end8.png,OK
8,9,2.0,0.0,2.0,0,True,705,geme705end9.png,OK
9,10,2.0,0.0,2.0,0,False,705,geme705end10.png,OK
0,1,0.0,0.0,0.0,8,False,717,geme717end1.png,OK
1,2,0.0,2.0,-2.0,7,False,717,geme717end2.png,OK
2,3,1.0,0.0,1.0,6,True,717,geme717end3.png,OK
3,4,0.0,1.0,-1.0,5,False,717,geme717end4.png,OK
4,5,2.0,0.0,2.0,4,True,717,geme717end5.png,OK
5,6,0.0,0.0,0.0,3,False,717,geme717end6.png,OK
6,7,0.0,1.0,-1.0,2,False,717,geme717end7.png,OK
7,8,1.0,0.0,1.0,1,True,717,geme717end8.png,OK
8,9,0.0,3.0,-3.0,0,False,717,geme717end9.png,OK
0,1,0.0,0.0,0.0,8,False,728,geme728end1.png,OK
1,2,0.0,0.0,0.0,7,False,728,geme728end2.png,OK
2,3,0.0,2.0,-2.0,6,False,728,geme728end3.png,OK
3,4,1.0,0.0,1.0,5,True,728,geme728end4.png,OK
4,5,0.0,3.0,-3.0,4,False,728,geme728end5.png,OK
5,6,1.0,0.0,1.0,3,True,728,geme728end6.png,OK
6,7,0.0,2.0,-2.0,2,False,728,geme728end7.png,OK
7,8,1.0,0.0,1.0,1,True,728,geme728end8.png,OK
0,1,0.0,2.0,-2.0,8,False,737,geme737end1.png,OK
1,2,0.0,1.0,-1.0,7,True,737,geme737end2.png,OK
2,3,1.0,0.0,1.0,6,True,737,geme737end3.png,OK
3,4,0.0,2.0,-2.0,5,False,737,geme737end4.png,OK
4,5,0.0,0.0,0.0,4,True,737,geme737end5.png,OK
5,6,1.0,0.0,1.0,3,True,737,geme737end6.png,OK
6,7,0.0,3.0,-3.0,2,False,737,geme737end7.png,OK
0,1,1.0,0.0,1.0,8,True,745,geme745end1.png,OK
1,2,0.0,1.0,-1.0,7,False,745,geme745end2.png,OK
2,3,0.0,1.0,-1.0,6,True,745,geme745end3.png,OK
3,4,0.0,2.0,-2.0,5,True,745,geme745end4.png,OK
4,5,1.0,0.0,1.0,4,True,745,geme745end5.png,OK
5,6,0.0,2.0,-2.0,3,False,745,geme745end6.png,OK
6,7,0.0,1.0,-1.0,2,True,745,geme745end7.png,OK
7,8,0.0,2.0,-2.0,1,True,745,geme745end8.png,OK
0,1,0.0,0.0,0.0,8,True,755,geme755end1.png,OK
1,2,2.0,0.0,2.0,7,True,755,geme755end2.png,OK
2,3,0.0,0.0,0.0,6,False,755,geme755end3.png,OK
3,4,0.0,1.0,-1.0,5,False,755,geme755end4.png,OK
4,5,2.0,0.0,2.0,4,True,755,geme755end5.png,OK
5,6,1.0,0.0,1.0,3,False,755,geme755end6.png,OK
6,7,1.0,0.0,1.0,2,False,755,geme755end7.png,OK
7,8,0.0,1.0,-1.0,1,False,755,geme755end8.png,OK
0,1,0.0,3.0,-3.0,8,False,764,geme764end1.png,OK
1,2,0.0,1.0,-1.0,7,True,764,geme764end2.png,OK
2,3,0.0,2.0,-2.0,6,True,764,geme764end3.png,OK
3,4,0.0,2.0,-2.0,5,True,764,geme764end4.png,OK
4,5,0.0,0.0,0.0,4,True,764,geme764end5.png,OK
5,6,1.0,0.0,1.0,3,True,764,geme764end6.png,OK
0,1,0.0,0.0,0.0,8,False,771,geme771end1.png,OK
1,2,0.0,1.0,-1.0,7,False,771,geme771end2.png,OK
2,3,2.0,0.0,2.0,6,True,771,geme771end3.png,OK
3,4,0.0,1.0,-1.0,5,False,771,geme771end4.png,OK
4,5,0.0,1.0,-1.0,4,True,771,geme771end5.png,OK
5,6,2.0,0.0,2.0,3,True,771,geme771end6.png,OK
6,7,0.0,1.0,-1.0,2,False,771,geme771end7.png,OK
7,8,2.0,0.0,2.0,1,True,771,geme771end8.png,OK
8,9,1.0,0.0,1.0,0,False,771,geme771end9.png,OK
0,1,0.0,2.0,-2.0,8,False,782,geme782end1.png,OK
1,2,0.0,0.0,0.0,7,True,782,geme782end2.png,OK
2,3,2.0,0.0,2.0,6,True,782,geme782end3.png,OK
3,4,0.0,3.0,-3.0,5,False,782,geme782end4.png,OK
4,5,0.0,2.0,-2.0,4,True,782,geme782end5.png,OK
5,6,2.0,0.0,2.0,3,True,782,geme782end6.png,OK
6,7,0.0,2.0,-2.0,2,False,782,geme782end7.png,OK
7,8,2.0,0.0,2.0,1,True,782,geme782end8.png,OK
8,9,0.0,2.0,-2.0,0,False,782,geme782end9.png,OK
0,1,0.0,0.0,0.0,8,False,793,geme793end1.png,OK
1,2,0.0,1.0,-1.0,7,False,793,geme793end2.png,OK
2,3,0.0,0.0,0.0,6,True,793,geme793end3.png,OK
3,4,0.0,0.0,0.0,5,True,793,geme793end4.png,OK
4,5,1.0,0.0,1.0,4,True,793,geme793end5.png,OK
5,6,0.0,1.0,-1.0,3,False,793,geme793end6.png,OK
6,7,1.0,0.0,1.0,2,True,793,geme793end7.png,OK
7,8,0.0,1.0,-1.0,1,False,793,geme793end8.png,OK
8,9,0.0,0.0,0.0,0,True,793,geme793end9.png,OK
9,10,1.0,0.0,1.0,0,True,793,geme793end10.png,OK
10,11,1.0,0.0,1.0,0,False,793,geme793end11.png,OK
0,1,2.0,0.0,2.0,8,True,805,geme805end1.png,OK
1,2,0.0,0.0,0.0,7,False,805,geme805end2.png,OK
2,3,0.0,2.0,-2.0,6,False,805,geme805end3.png,OK
3,4,2.0,0.0,2.0,5,True,805,geme805end4.png,OK
4,5,1.0,0.0,1.0,4,False,805,geme805end5.png,OK
5,6,0.0,2.0,-2.0,3,False,805,geme805end6.png,OK
6,7,3.0,0.0,3.0,2,True,805,geme805end7.png,OK
7,8,0.0,2.0,-2.0,1,False,805,geme805end8.png,OK
8,9,2.0,0.0,2.0,0,True,805,geme805end9.png,OK
0,1,0.0,1.0,-1.0,8,False,815,geme815end1.png,OK
1,2,0.0,1.0,-1.0,7,True,815,geme815end2.png,OK
2,3,1.0,0.0,1.0,6,True,815,geme815end3.png,OK
3,4,0.0,3.0,-3.0,5,False,815,geme815end4.png,OK
4,5,2.0,0.0,2.0,4,True,815,geme815end5.png,OK
5,6,0.0,0.0,0.0,3,False,815,geme815end6.png,OK
6,7,1.0,0.0,1.0,2,False,815,geme815end7.png,OK
7,8,0.0,2.0,-2.0,1,False,815,geme815end8.png,OK
8,9,1.0,0.0,1.0,0,True,815,geme815end9.png,OK
9,10,0.0,1.0,-1.0,0,False,815,geme815end10.png,OK
0,1,2.0,0.0,2.0,8,True,826,geme826end1.png,OK
1,2,0.0,1.0,-1.0,7,False,826,geme826end2.png,OK
2,3,3.0,0.0,3.0,6,True,826,geme826end3.png,OK
3,4,1.0,0.0,1.0,5,False,826,geme826end4.png,OK
4,5,0.0,0.0,0.0,4,False,826,geme826end5.png,OK
5,6,0.0,0.0,0.0,3,False,826,geme826end6.png,OK
6,7,2.0,0.0,2.0,2,False,826,geme826end7.png,OK
0,1,0.0,2.0,-2.0,8,False,835,geme835end1.png,OK
1,2,1.0,0.0,1.0,7,True,835,geme835end2.png,OK
2,3,0.0,2.0,-2.0,6,False,835,geme835end3.png,OK
3,4,0.0,1.0,-1.0,5,True,835,geme835end4.png,OK
4,5,0.0,2.0,-2.0,4,True,835,geme835end5.png,OK
5,6,0.0,0.0,0.0,3,True,835,geme835end6.png,OK
6,7,2.0,0.0,2.0,2,True,835,geme835end7.png,OK
7,8,0.0,1.0,-1.0,1,False,835,geme835end8.png,OK
0,1,0.0,0.0,0.0,8,False,844,geme844end1.png,OK
1,2,0.0,1.0,-1.0,7,False,844,geme844end2.png,OK
2,3,1.0,0.0,1.0,6,True,844,geme844end3.png,OK
3,4,1.0,0.0,1.0,5,False,844,geme844end4.png,OK
4,5,1.0,0.0,1.0,4,False,844,geme844end5.png,OK
5,6,0.0,1.0,-1.0,3,False,844,geme844end6.png,OK
6,7,2.0,0.0,2.0,2,True,844,geme844end7.png,OK
7,8,3.0,0.0,3.0,1,False,844,geme844end8.png,OK
0,1,4.0,0.0,4.0,8,True,853,geme853end1.png,OK
1,2,0.0,1.0,-1.0,7,False,853,geme853end2.png,OK
2,3,2.0,0.0,2.0,6,True,853,geme853end3.png,OK
3,4,1.0,0.0,1.0,5,False,853,geme853end4.png,OK
4,5,0.0,1.0,-1.0,4,False,853,geme853end5.png,OK
5,6,1.0,0.0,1.0,3,True,853,geme853end6.png,OK
0,1,0.0,0.0,0.0,8,False,860,geme860end1.png,OK
1,2,0.0,1.0,-1.0,7,False,860,geme860end2.png,OK
2,3,0.0,1.0,-1.0,6,True,860,geme860end3.png,OK
3,4,3.0,0.0,3.0,5,True,860,geme860end4.png,OK
4,5,0.0,1.0,-1.0,4,False,860,geme860end5.png,OK
5,6,0.0,0.0,0.0,3,True,860,geme860end6.png,OK
6,7,1.0,0.0,1.0,2,True,860,geme860end7.png,OK
7,8,1.0,0.0,1.0,1,False,860,geme860end8.png,OK
8,9,0.0,1.0,-1.0,0,False,860,geme860end9.png,OK
9,10,2.0,0.0,2.0,0,True,860,geme860end10.png,OK
