,ends,red,yellow,red_diff,remain_ends,last_stone_is_red,page,filepath,INFO
0,1,1.0,0.0,1.0,8,True,7,geme7end1.png,OK
1,2,0.0,2.0,-2.0,7,False,7,geme7end2.png,OK
2,3,2.0,0.0,2.0,6,True,7,geme7end3.png,OK
3,4,0.0,1.0,-1.0,5,False,7,geme7end4.png,OK
4,5,1.0,0.0,1.0,4,True,7,geme7end5.png,OK
5,6,0.0,1.0,-1.0,3,False,7,geme7end6.png,OK
6,7,1.0,0.0,1.0,2,True,7,geme7end7.png,OK
7,8,0.0,1.0,-1.0,1,False,7,geme7end8.png,OK
8,9,5.0,0.0,5.0,0,True,7,geme7end9.png,OK
0,1,2.0,0.0,2.0,8,False,17,geme17end1.png,OK
1,2,0.0,1.0,-1.0,7,False,17,geme17end2.png,OK
2,3,0.0,0.0,0.0,6,True,17,geme17end3.png,OK
3,4,1.0,0.0,1.0,5,True,17,geme17end4.png,OK
4,5,0.0,2.0,-2.0,4,False,17,geme17end5.png,OK
5,6,1.0,0.0,1.0,3,True,17,geme17end6.png,OK
6,7,0.0,1.0,-1.0,2,False,17,geme17end7.png,OK
7,8,1.0,0.0,1.0,1,True,17,geme17end8.png,OK
8,9,0.0,1.0,-1.0,0,False,17,geme17end9.png,OK
9,10,1.0,0.0,1.0,0,True,17,geme17end10.png,OK
0,1,1.0,0.0,1.0,8,True,38,geme38end1.png,OK
1,2,0.0,1.0,-1.0,7,False,38,geme38end2.png,OK
2,3,1.0,0.0,1.0,6,True,38,geme38end3.png,OK
3,4,0.0,2.0,-2.0,5,False,38,geme38end4.png,OK
4,5,5.0,0.0,5.0,4,True,38,geme38end5.png,OK
5,6,1.0,0.0,1.0,3,False,38,geme38end6.png,OK
6,7,0.0,0.0,0.0,2,False,38,geme38end7.png,OK
7,8,3.0,0.0,3.0,1,False,38,geme38end8.png,OK
0,1,0.0,0.0,0.0,8,False,47,geme47end1.png,OK
1,2,0.0,1.0,-1.0,7,False,47,geme47end2.png,OK
2,3,3.0,0.0,3.0,6,True,47,geme47end3.png,OK
3,4,0.0,1.0,-1.0,5,False,47,geme47end4.png,OK
4,5,0.0,0.0,0.0,4,True,47,geme47end5.png,OK
5,6,0.0,0.0,0.0,3,True,47,geme47end6.png,OK
6,7,0.0,0.0,0.0,2,True,47,geme47end7.png,OK
7,8,1.0,0.0,1.0,1,True,47,geme47end8.png,OK
8,9,0.0,1.0,-1.0,0,False,47,geme47end9.png,OK
9,10,1.0,0.0,1.0,0,True,47,geme47end10.png,OK
0,1,0.0,0.0,0.0,8,False,59,geme59end1.png,OK
1,2,0.0,1.0,-1.0,7,False,59,geme59end2.png,OK
2,3,3.0,0.0,3.0,6,True,59,geme59end3.png,OK
3,4,0.0,0.0,0.0,5,False,59,geme59end4.png,OK
4,5,0.0,2.0,-2.0,4,False,59,geme59end5.png,OK
5,6,2.0,0.0,2.0,3,True,59,geme59end6.png,OK
6,7,0.0,1.0,-1.0,2,False,59,geme59end7.png,OK
7,8,0.0,1.0,-1.0,1,True,59,geme59end8.png,OK
8,9,2.0,0.0,2.0,0,True,59,geme59end9.png,OK
9,10,0.0,1.0,-1.0,0,False,59,geme59end10.png,OK
0,1,0.0,0.0,0.0,8,True,71,geme71end1.png,OK
1,2,0.0,0.0,0.0,7,True,71,geme71end2.png,OK
2,3,1.0,0.0,1.0,6,True,71,geme71end3.png,OK
3,4,0.0,0.0,0.0,5,False,71,geme71end4.png,OK
4,5,0.0,1.0,-1.0,4,False,71,geme71end5.png,OK
5,6,1.0,0.0,1.0,3,True,71,geme71end6.png,OK
6,7,0.0,2.0,-2.0,2,False,71,geme71end7.png,OK
7,8,1.0,0.0,1.0,1,True,71,geme71end8.png,OK
8,9,0.0,2.0,-2.0,0,False,71,geme71end9.png,OK
0,1,0.0,0.0,0.0,8,False,105,geme105end1.png,OK
1,2,0.0,2.0,-2.0,7,False,105,geme105end2.png,OK
2,3,2.0,0.0,2.0,6,True,105,geme105end3.png,OK
3,4,0.0,0.0,0.0,5,False,105,geme105end4.png,OK
4,5,1.0,0.0,1.0,4,False,105,geme105end5.png,OK
5,6,0.0,4.0,-4.0,3,False,105,geme105end6.png,OK
6,7,0.0,1.0,-1.0,2,True,105,geme105end7.png,OK
7,8,1.0,0.0,1.0,1,True,105,geme105end8.png,OK
8,9,0.0,1.0,-1.0,0,False,105,geme105end9.png,OK
0,1,1.0,0.0,1.0,8,False,116,geme116end1.png,OK
1,2,0.0,1.0,-1.0,7,False,116,geme116end2.png,OK
2,3,0.0,1.0,-1.0,6,True,116,geme116end3.png,OK
3,4,3.0,0.0,3.0,5,True,116,geme116end4.png,OK
4,5,1.0,0.0,1.0,4,False,116,geme116end5.png,OK
5,6,1.0,0.0,1.0,3,False,116,geme116end6.png,OK
6,7,0.0,1.0,-1.0,2,False,116,geme116end7.png,OK
7,8,1.0,0.0,1.0,1,True,116,geme116end8.png,OK
8,9,0.0,1.0,-1.0,0,False,116,geme116end9.png,OK
0,1,1.0,0.0,1.0,8,True,126,geme126end1.png,OK
1,2,0.0,2.0,-2.0,7,False,126,geme126end2.png,OK
2,3,2.0,0.0,2.0,6,True,126,geme126end3.png,OK
3,4,0.0,1.0,-1.0,5,False,126,geme126end4.png,OK
4,5,0.0,0.0,0.0,4,True,126,geme126end5.png,OK
5,6,2.0,0.0,2.0,3,True,126,geme126end6.png,OK
6,7,2.0,0.0,2.0,2,False,126,geme126end7.png,OK
7,8,1.0,0.0,1.0,1,False,126,geme126end8.png,OK
0,1,0.0,3.0,-3.0,8,False,135,geme135end1.png,OK
1,2,1.0,0.0,1.0,7,True,135,geme135end2.png,OK
2,3,0.0,2.0,-2.0,6,False,135,geme135end3.png,OK
3,4,0.0,1.0,-1.0,5,True,135,geme135end4.png,OK
4,5,0.0,1.0,-1.0,4,True,135,geme135end5.png,OK
5,6,1.0,0.0,1.0,3,True,135,geme135end6.png,OK
0,1,1.0,0.0,1.0,8,True,143,geme143end1.png,OK
1,2,0.0,1.0,-1.0,7,False,143,geme143end2.png,OK
2,3,0.0,1.0,-1.0,6,True,143,geme143end3.png,OK
3,4,1.0,0.0,1.0,5,True,143,geme143end4.png,OK
4,5,0.0,1.0,-1.0,4,False,143,geme143end5.png,OK
5,6,0.0,1.0,-1.0,3,True,143,geme143end6.png,OK
6,7,0.0,1.0,-1.0,2,True,143,geme143end7.png,OK
7,8,4.0,0.0,4.0,1,True,143,geme143end8.png,OK
8,9,0.0,1.0,-1.0,0,False,143,geme143end9.png,OK
9,10,1.0,0.0,1.0,0,True,143,geme143end10.png,OK
0,1,0.0,0.0,0.0,8,False,154,geme154end1.png,OK
1,2,0.0,2.0,-2.0,7,False,154,geme154end2.png,OK
2,3,2.0,0.0,2.0,6,True,154,geme154end3.png,OK
3,4,0.0,3.0,-3.0,5,False,154,geme154end4.png,OK
4,5,1.0,0.0,1.0,4,True,154,geme154end5.png,OK
5,6,0.0,2.0,-2.0,3,False,154,geme154end6.png,OK
6,7,0.0,1.0,-1.0,2,True,154,geme154end7.png,OK
7,8,3.0,0.0,3.0,1,True,154,geme154end8.png,OK
8,9,0.0,1.0,-1.0,0,False,154,geme154end9.png,OK
0,1,0.0,2.0,-2.0,8,False,165,geme165end1.png,OK
1,2,2.0,0.0,2.0,7,True,165,geme165end2.png,OK
2,3,1.0,0.0,1.0,6,False,165,geme165end3.png,OK
3,4,0.0,3.0,-3.0,5,False,165,geme165end4.png,OK
4,5,1.0,0.0,1.0,4,True,165,geme165end5.png,OK
5,6,0.0,4.0,-4.0,3,False,165,geme165end6.png,OK
6,7,0.0,1.0,-1.0,2,True,165,geme165end7.png,OK
0,1,0.0,0.0,0.0,8,True,173,geme173end1.png,OK
1,2,2.0,0.0,2.0,7,True,173,geme173end2.png,OK
2,3,0.0,2.0,-2.0,6,False,173,geme173end3.png,OK
3,4,1.0,0.0,1.0,5,True,173,geme173end4.png,OK
4,5,4.0,0.0,4.0,4,False,173,geme173end5.png,OK
5,6,1.0,0.0,1.0,3,False,173,geme173end6.png,OK
6,7,0.0,2.0,-2.0,2,False,173,geme173end7.png,OK
7,8,1.0,0.0,1.0,1,True,173,geme173end8.png,OK
0,1,1.0,0.0,1.0,8,True,183,geme183end1.png,OK
1,2,0.0,1.0,-1.0,7,False,183,geme183end2.png,OK
2,3,0.0,0.0,0.0,6,True,183,geme183end3.png,OK
3,4,2.0,0.0,2.0,5,True,183,geme183end4.png,OK
4,5,0.0,1.0,-1.0,4,False,183,geme183end5.png,OK
5,6,4.0,0.0,4.0,3,True,183,geme183end6.png,OK
6,7,0.0,1.0,-1.0,2,False,183,geme183end7.png,OK
7,8,2.0,0.0,2.0,1,True,183,geme183end8.png,OK
0,1,1.0,0.0,1.0,8,True,192,geme192end1.png,OK
1,2,0.0,1.0,-1.0,7,False,192,geme192end2.png,OK
2,3,2.0,0.0,2.0,6,True,192,geme192end3.png,OK
3,4,0.0,2.0,-2.0,5,False,192,geme192end4.png,OK
4,5,2.0,0.0,2.0,4,True,192,geme192end5.png,OK
5,6,0.0,0.0,0.0,3,False,192,geme192end6.png,OK
6,7,0.0,1.0,-1.0,2,False,192,geme192end7.png,OK
7,8,4.0,0.0,4.0,1,True,192,geme192end8.png,OK
0,1,2.0,0.0,2.0,8,True,201,geme201end1.png,OK
1,2,0.0,1.0,-1.0,7,False,201,geme201end2.png,OK
2,3,1.0,0.0,1.0,6,True,201,geme201end3.png,OK
3,4,0.0,1.0,-1.0,5,False,201,geme201end4.png,OK
4,5,1.0,0.0,1.0,4,True,201,geme201end5.png,OK
5,6,0.0,2.0,-2.0,3,False,201,geme201end6.png,OK
6,7,0.0,0.0,0.0,2,True,201,geme201end7.png,OK
7,8,2.0,0.0,2.0,1,True,201,geme201end8.png,OK
8,9,2.0,0.0,2.0,0,False,201,geme201end9.png,OK
0,1,0.0,2.0,-2.0,8,False,211,geme211end1.png,OK
1,2,1.0,0.0,1.0,7,True,211,geme211end2.png,OK
2,3,0.0,1.0,-1.0,6,False,211,geme211end3.png,OK
3,4,0.0,1.0,-1.0,5,True,211,geme211end4.png,OK
4,5,0.0,0.0,0.0,4,True,211,geme211end5.png,OK
5,6,2.0,0.0,2.0,3,True,211,geme211end6.png,OK
6,7,0.0,2.0,-2.0,2,False,211,geme211end7.png,OK
7,8,0.0,0.0,0.0,1,True,211,geme211end8.png,OK
8,9,1.0,0.0,1.0,0,True,211,geme211end9.png,OK
0,1,1.0,0.0,1.0,8,True,223,geme223end1.png,OK
1,2,1.0,0.0,1.0,7,False,223,geme223end2.png,OK
2,3,0.0,2.0,-2.0,6,False,223,geme223end3.png,OK
3,4,1.0,0.0,1.0,5,True,223,geme223end4.png,OK
4,5,0.0,0.0,0.0,4,False,223,geme223end5.png,OK
5,6,0.0,1.0,-1.0,3,False,223,geme223end6.png,OK
6,7,1.0,0.0,1.0,2,True,223,geme223end7.png,OK
7,8,0.0,2.0,-2.0,1,False,223,geme223end8.png,OK
8,9,2.0,0.0,2.0,0,True,223,geme223end9.png,OK
9,10,0.0,2.0,-2.0,0,False,223,geme223end10.png,OK
0,1,0.0,1.0,-1.0,8,False,234,geme234end1.png,OK
1,2,0.0,1.0,-1.0,7,True,234,geme234end2.png,OK
2,3,1.0,0.0,1.0,6,True,234,geme234end3.png,OK
3,4,0.0,4.0,-4.0,5,False,234,geme234end4.png,OK
4,5,1.0,0.0,1.0,4,True,234,geme234end5.png,OK
5,6,0.0,3.0,-3.0,3,False,234,geme234end6.png,OK
0,1,0.0,0.0,0.0,8,False,241,geme241end1.png,OK
1,2,1.0,0.0,1.0,7,False,241,geme241end2.png,OK
2,3,0.0,2.0,-2.0,6,False,241,geme241end3.png,OK
3,4,0.0,2.0,-2.0,5,True,241,geme241end4.png,OK
4,5,1.0,0.0,1.0,4,True,241,geme241end5.png,OK
5,6,0.0,4.0,-4.0,3,False,241,geme241end6.png,OK
6,7,1.0,0.0,1.0,2,True,241,geme241end7.png,OK
0,1,0.0,1.0,-1.0,8,False,250,geme250end1.png,OK
1,2,2.0,0.0,2.0,7,True,250,geme250end2.png,OK
2,3,0.0,0.0,0.0,6,False,250,geme250end3.png,OK
3,4,0.0,2.0,-2.0,5,False,250,geme250end4.png,OK
4,5,1.0,0.0,1.0,4,True,250,geme250end5.png,OK
5,6,0.0,1.0,-1.0,3,False,250,geme250end6.png,OK
6,7,2.0,0.0,2.0,2,True,250,geme250end7.png,OK
7,8,0.0,2.0,-2.0,1,False,250,geme250end8.png,OK
8,9,0.0,0.0,0.0,0,True,250,geme250end9.png,OK
9,10,1.0,0.0,1.0,0,True,250,geme250end10.png,OK
10,11,2.0,0.0,2.0,0,False,250,geme250end11.png,OK
0,1,1.0,0.0,1.0,8,True,262,geme262end1.png,OK
1,2,0.0,4.0,-4.0,7,False,262,geme262end2.png,OK
2,3,2.0,0.0,2.0,6,True,262,geme262end3.png,OK
3,4,2.0,0.0,2.0,5,False,262,geme262end4.png,OK
4,5,0.0,3.0,-3.0,4,False,262,geme262end5.png,OK
5,6,1.0,0.0,1.0,3,True,262,geme262end6.png,OK
6,7,0.0,2.0,-2.0,2,False,262,geme262end7.png,OK
7,8,0.0,1.0,-1.0,1,True,262,geme262end8.png,OK
8,9,1.0,0.0,1.0,0,True,262,geme262end9.png,OK
0,1,1.0,0.0,1.0,8,False,273,geme273end1.png,OK
1,2,1.0,0.0,1.0,7,False,273,geme273end2.png,OK
2,3,0.0,2.0,-2.0,6,False,273,geme273end3.png,OK
3,4,0.0,2.0,-2.0,5,True,273,geme273end4.png,OK
4,5,1.0,0.0,1.0,4,True,273,geme273end5.png,OK
5,6,0.0,2.0,-2.0,3,False,273,geme273end6.png,OK
6,7,0.0,2.0,-2.0,2,True,273,geme273end7.png,OK
7,8,1.0,0.0,1.0,1,True,273,geme273end8.png,OK
0,1,1.0,0.0,1.0,8,True,282,geme282end1.png,OK
1,2,0.0,0.0,0.0,7,False,282,geme282end2.png,OK
2,3,1.0,0.0,1.0,6,False,282,geme282end3.png,OK
3,4,0.0,2.0,-2.0,5,False,282,geme282end4.png,OK
4,5,1.0,0.0,1.0,4,True,282,geme282end5.png,OK
5,6,0.0,3.0,-3.0,3,False,282,geme282end6.png,OK
6,7,1.0,0.0,1.0,2,True,282,geme282end7.png,OK
7,8,0.0,1.0,-1.0,1,False,282,geme282end8.png,OK
8,9,0.0,2.0,-2.0,0,True,282,geme282end9.png,OK
0,1,1.0,0.0,1.0,8,False,293,geme293end1.png,OK
1,2,1.0,0.0,1.0,7,False,293,geme293end2.png,OK
2,3,0.0,1.0,-1.0,6,False,293,geme293end3.png,OK
3,4,2.0,0.0,2.0,5,True,293,geme293end4.png,OK
4,5,1.0,0.0,1.0,4,False,293,geme293end5.png,OK
5,6,0.0,1.0,-1.0,3,False,293,geme293end6.png,OK
6,7,1.0,0.0,1.0,2,True,293,geme293end7.png,OK
7,8,0.0,3.0,-3.0,1,False,293,geme293end8.png,OK
8,9,1.0,0.0,1.0,0,True,293,geme293end9.png,OK
9,10,0.0,4.0,-4.0,0,False,293,geme293end10.png,OK
0,1,1.0,0.0,1.0,8,True,304,geme304end1.png,OK
1,2,0.0,2.0,-2.0,7,False,304,geme304end2.png,OK
2,3,1.0,0.0,1.0,6,True,304,geme304end3.png,OK
3,4,0.0,2.0,-2.0,5,False,304,geme304end4.png,OK
4,5,0.0,1.0,-1.0,4,True,304,geme304end5.png,OK
5,6,2.0,0.0,2.0,3,True,304,geme304end6.png,OK
6,7,0.0,2.0,-2.0,2,False,304,geme304end7.png,OK
7,8,3.0,0.0,3.0,1,True,304,geme304end8.png,OK
8,9,0.0,1.0,-1.0,0,False,304,geme304end9.png,OK
9,10,2.0,0.0,2.0,0,True,304,geme304end10.png,OK
0,1,1.0,0.0,1.0,8,True,315,geme315end1.png,OK
1,2,1.0,0.0,1.0,7,False,315,geme315end2.png,OK
2,3,0.0,2.0,-2.0,6,False,315,geme315end3.png,OK
3,4,0.0,1.0,-1.0,5,True,315,geme315end4.png,OK
4,5,2.0,0.0,2.0,4,True,315,geme315end5.png,OK
5,6,0.0,2.0,-2.0,3,False,315,geme315end6.png,OK
6,7,1.0,0.0,1.0,2,True,315,geme315end7.png,OK
7,8,0.0,2.0,-2.0,1,False,315,geme315end8.png,OK
8,9,0.0,5.0,-5.0,0,True,315,geme315end9.png,OK
0,1,0.0,0.0,0.0,8,False,325,geme325end1.png,OK
1,2,0.0,2.0,-2.0,7,False,325,geme325end2.png,OK
2,3,0.0,1.0,-1.0,6,True,325,geme325end3.png,OK
3,4,0.0,1.0,-1.0,5,True,325,geme325end4.png,OK
4,5,1.0,0.0,1.0,4,True,325,geme325end5.png,OK
5,6,0.0,1.0,-1.0,3,False,325,geme325end6.png,OK
6,7,0.0,1.0,-1.0,2,True,325,geme325end7.png,OK
7,8,1.0,0.0,1.0,1,True,325,geme325end8.png,OK
8,9,0.0,1.0,-1.0,0,False,325,geme325end9.png,OK
0,1,1.0,0.0,1.0,8,False,336,geme336end1.png,OK
1,2,0.0,2.0,-2.0,7,False,336,geme336end2.png,OK
2,3,0.0,0.0,0.0,6,True,336,geme336end3.png,OK
3,4,1.0,0.0,1.0,5,True,336,geme336end4.png,OK
4,5,2.0,0.0,2.0,4,False,336,geme336end5.png,OK
5,6,2.0,0.0,2.0,3,False,336,geme336end6.png,OK
6,7,0.0,2.0,-2.0,2,False,336,geme336end7.png,OK
7,8,1.0,0.0,1.0,1,True,336,geme336end8.png,OK
8,9,0.0,1.0,-1.0,0,False,336,geme336end9.png,OK
0,1,2.0,0.0,2.0,8,True,347,geme347end1.png,OK
1,2,1.0,0.0,1.0,7,False,347,geme347end2.png,OK
2,3,0.0,2.0,-2.0,6,False,347,geme347end3.png,OK
3,4,1.0,0.0,1.0,5,True,347,geme347end4.png,OK
4,5,0.0,2.0,-2.0,4,False,347,geme347end5.png,OK
5,6,2.0,0.0,2.0,3,True,347,geme347end6.png,OK
6,7,0.0,2.0,-2.0,2,False,347,geme347end7.png,OK
7,8,1.0,0.0,1.0,1,True,347,geme347end8.png,OK
8,9,0.0,3.0,-3.0,0,False,347,geme347end9.png,OK
9,10,2.0,0.0,2.0,0,True,347,geme347end10.png,OK
0,1,1.0,0.0,1.0,8,False,359,geme359end1.png,OK
1,2,0.0,1.0,-1.0,7,False,359,geme359end2.png,OK
2,3,2.0,0.0,2.0,6,True,359,geme359end3.png,OK
3,4,0.0,1.0,-1.0,5,False,359,geme359end4.png,OK
4,5,5.0,0.0,5.0,4,True,359,geme359end5.png,OK
5,6,0.0,1.0,-1.0,3,False,359,geme359end6.png,OK
6,7,1.0,0.0,1.0,2,True,359,geme359end7.png,OK
7,8,1.0,0.0,1.0,1,False,359,geme359end8.png,OK
0,1,0.0,0.0,0.0,8,True,368,geme368end1.png,OK
1,2,1.0,0.0,1.0,7,True,368,geme368end2.png,OK
2,3,0.0,1.0,-1.0,6,False,368,geme368end3.png,OK
3,4,2.0,0.0,2.0,5,True,368,geme368end4.png,OK
4,5,0.0,1.0,-1.0,4,False,368,geme368end5.png,OK
5,6,0.0,1.0,-1.0,3,True,368,geme368end6.png,OK
6,7,1.0,0.0,1.0,2,True,368,geme368end7.png,OK
7,8,0.0,2.0,-2.0,1,False,368,geme368end8.png,OK
8,9,0.0,2.0,-2.0,0,True,368,geme368end9.png,OK
9,10,3.0,0.0,3.0,0,True,368,geme368end10.png,OK
10,11,0.0,1.0,-1.0,0,False,368,geme368end11.png,OK
0,1,0.0,1.0,-1.0,8,False,381,geme381end1.png,OK
1,2,1.0,0.0,1.0,7,True,381,geme381end2.png,OK
2,3,0.0,2.0,-2.0,6,False,381,geme381end3.png,OK
3,4,2.0,0.0,2.0,5,True,381,geme381end4.png,OK
4,5,0.0,1.0,-1.0,4,False,381,geme381end5.png,OK
5,6,0.0,0.0,0.0,3,True,381,geme381end6.png,OK
6,7,1.0,0.0,1.0,2,True,381,geme381end7.png,OK
7,8,0.0,1.0,-1.0,1,False,381,geme381end8.png,OK
8,9,0.0,0.0,0.0,0,True,381,geme381end9.png,OK
9,10,1.0,0.0,1.0,0,True,381,geme381end10.png,OK
10,11,0.0,1.0,-1.0,0,False,381,geme381end11.png,OK
0,1,1.0,0.0,1.0,8,False,393,geme393end1.png,OK
1,2,0.0,1.0,-1.0,7,False,393,geme393end2.png,OK
2,3,0.0,0.0,0.0,6,True,393,geme393end3.png,OK
3,4,1.0,0.0,1.0,5,True,393,geme393end4.png,OK
4,5,0.0,1.0,-1.0,4,False,393,geme393end5.png,OK
5,6,0.0,0.0,0.0,3,True,393,geme393end6.png,OK
6,7,0.0,0.0,0.0,2,True,393,geme393end7.png,OK
7,8,2.0,0.0,2.0,1,True,393,geme393end8.png,OK
8,9,0.0,1.0,-1.0,0,False,393,geme393end9.png,OK
9,10,1.0,0.0,1.0,0,True,393,geme393end10.png,OK
0,1,2.0,0.0,2.0,8,True,404,geme404end1.png,OK
1,2,0.0,1.0,-1.0,7,False,404,geme404end2.png,OK
2,3,2.0,0.0,2.0,6,True,404,geme404end3.png,OK
3,4,0.0,1.0,-1.0,5,False,404,geme404end4.png,OK
4,5,3.0,0.0,3.0,4,True,404,geme404end5.png,OK
5,6,0.0,2.0,-2.0,3,False,404,geme404end6.png,OK
6,7,2.0,0.0,2.0,2,True,404,geme404end7.png,OK
7,8,0.0,2.0,-2.0,1,False,404,geme404end8.png,OK
8,9,1.0,0.0,1.0,0,True,404,geme404end9.png,OK
0,1,0.0,1.0,-1.0,8,False,414,geme414end1.png,OK
1,2,1.0,0.0,1.0,7,True,414,geme414end2.png,OK
2,3,1.0,0.0,1.0,6,False,414,geme414end3.png,OK
3,4,0.0,1.0,-1.0,5,False,414,geme414end4.png,OK
4,5,0.0,2.0,-2.0,4,True,414,geme414end5.png,OK
5,6,1.0,0.0,1.0,3,True,414,geme414end6.png,OK
6,7,0.0,1.0,-1.0,2,False,414,geme414end7.png,OK
7,8,2.0,0.0,2.0,1,True,414,geme414end8.png,OK
8,9,0.0,1.0,-1.0,0,False,414,geme414end9.png,OK
9,10,0.0,1.0,-1.0,0,True,414,geme414end10.png,OK
0,1,1.0,0.0,1.0,8,True,426,geme426end1.png,OK
1,2,0.0,1.0,-1.0,7,False,426,geme426end2.png,OK
2,3,0.0,1.0,-1.0,6,True,426,geme426end3.png,OK
3,4,3.0,0.0,3.0,5,True,426,geme426end4.png,OK
4,5,0.0,1.0,-1.0,4,False,426,geme426end5.png,OK
5,6,0.0,0.0,0.0,3,True,426,geme426end6.png,OK
6,7,0.0,0.0,0.0,2,True,426,geme426end7.png,OK
7,8,1.0,0.0,1.0,1,True,426,geme426end8.png,OK
8,9,0.0,2.0,-2.0,0,False,426,geme426end9.png,OK
9,10,1.0,0.0,1.0,0,True,426,geme426end10.png,OK
0,1,0.0,0.0,0.0,8,True,437,geme437end1.png,OK
1,2,0.0,1.0,-1.0,7,True,437,geme437end2.png,OK
2,3,2.0,0.0,2.0,6,True,437,geme437end3.png,OK
3,4,1.0,0.0,1.0,5,False,437,geme437end4.png,OK
4,5,0.0,4.0,-4.0,4,False,437,geme437end5.png,OK
5,6,2.0,0.0,2.0,3,True,437,geme437end6.png,OK
6,7,0.0,2.0,-2.0,2,False,437,geme437end7.png,OK
7,8,0.0,1.0,-1.0,1,True,437,geme437end8.png,OK
8,9,2.0,0.0,2.0,0,True,437,geme437end9.png,OK
0,1,1.0,0.0,1.0,8,True,448,geme448end1.png,OK
1,2,0.0,2.0,-2.0,7,False,448,geme448end2.png,OK
2,3,1.0,0.0,1.0,6,True,448,geme448end3.png,OK
3,4,0.0,1.0,-1.0,5,False,448,geme448end4.png,OK
4,5,1.0,0.0,1.0,4,True,448,geme448end5.png,OK
5,6,0.0,1.0,-1.0,3,False,448,geme448end6.png,OK
6,7,1.0,0.0,1.0,2,True,448,geme448end7.png,OK
7,8,0.0,2.0,-2.0,1,False,448,geme448end8.png,OK
8,9,0.0,1.0,-1.0,0,True,448,geme448end9.png,OK
0,1,2.0,0.0,2.0,8,True,459,geme459end1.png,OK
1,2,0.0,1.0,-1.0,7,False,459,geme459end2.png,OK
2,3,2.0,0.0,2.0,6,True,459,geme459end3.png,OK
3,4,0.0,1.0,-1.0,5,False,459,geme459end4.png,OK
4,5,1.0,0.0,1.0,4,True,459,geme459end5.png,OK
5,6,3.0,0.0,3.0,3,False,459,geme459end6.png,OK
6,7,2.0,0.0,2.0,2,False,459,geme459end7.png,OK
0,1,0.0,0.0,0.0,8,False,468,geme468end1.png,OK
1,2,0.0,4.0,-4.0,7,False,468,geme468end2.png,OK
2,3,1.0,0.0,1.0,6,True,468,geme468end3.png,OK
3,4,3.0,0.0,3.0,5,False,468,geme468end4.png,OK
4,5,1.0,0.0,1.0,4,False,468,geme468end5.png,OK
5,6,0.0,2.0,-2.0,3,False,468,geme468end6.png,OK
6,7,1.0,0.0,1.0,2,True,468,geme468end7.png,OK
7,8,1.0,0.0,1.0,1,False,468,geme468end8.png,OK
8,9,0.0,0.0,0.0,0,False,468,geme468end9.png,OK
9,10,1.0,0.0,1.0,0,False,468,geme468end10.png,OK
0,1,0.0,2.0,-2.0,8,False,479,geme479end1.png,OK
1,2,0.0,1.0,-1.0,7,True,479,geme479end2.png,OK
2,3,1.0,0.0,1.0,6,True,479,geme479end3.png,OK
3,4,0.0,0.0,0.0,5,False,479,geme479end4.png,OK
4,5,0.0,1.0,-1.0,4,False,479,geme479end5.png,OK
5,6,2.0,0.0,2.0,3,True,479,geme479end6.png,OK
6,7,0.0,0.0,0.0,2,False,479,geme479end7.png,OK
7,8,0.0,1.0,-1.0,1,False,479,geme479end8.png,OK
8,9,0.0,1.0,-1.0,0,True,479,geme479end9.png,OK
0,1,0.0,0.0,0.0,8,True,490,geme490end1.png,OK
1,2,0.0,1.0,-1.0,7,True,490,geme490end2.png,OK
2,3,1.0,0.0,1.0,6,True,490,geme490end3.png,OK
3,4,0.0,2.0,-2.0,5,False,490,geme490end4.png,OK
4,5,2.0,0.0,2.0,4,True,490,geme490end5.png,OK
5,6,3.0,0.0,3.0,3,False,490,geme490end6.png,OK
6,7,0.0,1.0,-1.0,2,False,490,geme490end7.png,OK
7,8,1.0,0.0,1.0,1,True,490,geme490end8.png,OK
8,9,0.0,0.0,0.0,0,False,490,geme490end9.png,OK
0,1,1.0,0.0,1.0,8,True,501,geme501end1.png,OK
1,2,0.0,2.0,-2.0,7,False,501,geme501end2.png,OK
2,3,2.0,0.0,2.0,6,True,501,geme501end3.png,OK
3,4,0.0,2.0,-2.0,5,False,501,geme501end4.png,OK
4,5,1.0,0.0,1.0,4,True,501,geme501end5.png,OK
5,6,0.0,1.0,-1.0,3,False,501,geme501end6.png,OK
6,7,2.0,0.0,2.0,2,True,501,geme501end7.png,OK
7,8,3.0,0.0,3.0,1,False,501,geme501end8.png,OK
8,9,1.0,0.0,1.0,0,False,501,geme501end9.png,OK
0,1,0.0,0.0,0.0,8,True,512,geme512end1.png,OK
1,2,3.0,0.0,3.0,7,True,512,geme512end2.png,OK
2,3,0.0,2.0,-2.0,6,False,512,geme512end3.png,OK
3,4,2.0,0.0,2.0,5,True,512,geme512end4.png,OK
4,5,0.0,1.0,-1.0,4,False,512,geme512end5.png,OK
5,6,2.0,0.0,2.0,3,True,512,geme512end6.png,OK
6,7,0.0,1.0,-1.0,2,False,512,geme512end7.png,OK
7,8,3.0,0.0,3.0,1,True,512,geme512end8.png,OK
0,1,0.0,2.0,-2.0,8,False,521,geme521end1.png,OK
1,2,0.0,1.0,-1.0,7,True,521,geme521end2.png,OK
2,3,2.0,0.0,2.0,6,True,521,geme521end3.png,OK
3,4,0.0,1.0,-1.0,5,False,521,geme521end4.png,OK
4,5,2.0,0.0,2.0,4,True,521,geme521end5.png,OK
5,6,0.0,2.0,-2.0,3,False,521,geme521end6.png,OK
6,7,0.0,0.0,0.0,2,True,521,geme521end7.png,OK
7,8,1.0,0.0,1.0,1,True,521,geme521end8.png,OK
8,9,0.0,2.0,-2.0,0,False,521,geme521end9.png,OK
0,1,0.0,2.0,-2.0,8,False,532,geme532end1.png,OK
1,2,0.0,1.0,-1.0,7,True,532,geme532end2.png,OK
2,3,0.0,1.0,-1.0,6,True,532,geme532end3.png,OK
3,4,0.0,2.0,-2.0,5,True,532,geme532end4.png,OK
4,5,2.0,0.0,2.0,4,True,532,geme532end5.png,OK
5,6,0.0,4.0,-4.0,3,False,532,geme532end6.png,OK
0,1,2.0,0.0,2.0,8,True,539,geme539end1.png,OK
1,2,3.0,0.0,3.0,7,False,539,geme539end2.png,OK
2,3,0.0,2.0,-2.0,6,False,539,geme539end3.png,OK
3,4,1.0,0.0,1.0,5,True,539,geme539end4.png,OK
4,5,0.0,2.0,-2.0,4,False,539,geme539end5.png,OK
5,6,0.0,1.0,-1.0,3,True,539,geme539end6.png,OK
6,7,0.0,1.0,-1.0,2,True,539,geme539end7.png,OK
7,8,4.0,0.0,4.0,1,True,539,geme539end8.png,OK
8,9,0.0,2.0,-2.0,0,False,539,geme539end9.png,OK
9,10,1.0,0.0,1.0,0,True,539,geme539end10.png,OK
0,1,2.0,0.0,2.0,8,True,551,geme551end1.png,OK
1,2,1.0,0.0,1.0,7,False,551,geme551end2.png,OK
2,3,1.0,0.0,1.0,6,False,551,geme551end3.png,OK
3,4,0.0,1.0,-1.0,5,False,551,geme551end4.png,OK
4,5,1.0,0.0,1.0,4,True,551,geme551end5.png,OK
5,6,0.0,1.0,-1.0,3,False,551,geme551end6.png,OK
6,7,3.0,0.0,3.0,2,True,551,geme551end7.png,OK
0,1,0.0,2.0,-2.0,8,False,559,geme559end1.png,OK
1,2,0.0,1.0,-1.0,7,True,559,geme559end2.png,OK
2,3,0.0,1.0,-1.0,6,True,559,geme559end3.png,OK
3,4,1.0,0.0,1.0,5,True,559,geme559end4.png,OK
4,5,0.0,4.0,-4.0,4,False,559,geme559end5.png,OK
5,6,0.0,1.0,-1.0,3,True,559,geme559end6.png,OK
0,1,3.0,0.0,3.0,8,True,566,geme566end1.png,OK
1,2,1.0,0.0,1.0,7,False,566,geme566end2.png,OK
2,3,0.0,1.0,-1.0,6,False,566,geme566end3.png,OK
3,4,1.0,0.0,1.0,5,True,566,geme566end4.png,OK
4,5,0.0,1.0,-1.0,4,False,566,geme566end5.png,OK
5,6,0.0,0.0,0.0,3,True,566,geme566end6.png,OK
6,7,3.0,0.0,3.0,2,True,566,geme566end7.png,OK
0,1,2.0,0.0,2.0,8,True,574,geme574end1.png,OK
1,2,0.0,1.0,-1.0,7,False,574,geme574end2.png,OK
2,3,3.0,0.0,3.0,6,True,574,geme574end3.png,OK
3,4,0.0,1.0,-1.0,5,False,574,geme574end4.png,OK
4,5,1.0,0.0,1.0,4,True,574,geme574end5.png,OK
5,6,0.0,3.0,-3.0,3,False,574,geme574end6.png,OK
6,7,1.0,0.0,1.0,2,True,574,geme574end7.png,OK
7,8,0.0,2.0,-2.0,1,False,574,geme574end8.png,OK
8,9,1.0,0.0,1.0,0,True,574,geme574end9.png,OK
9,10,0.0,2.0,-2.0,0,False,574,geme574end10.png,OK
0,1,3.0,0.0,3.0,8,True,586,geme586end1.png,OK
1,2,0.0,1.0,-1.0,7,False,586,geme586end2.png,OK
2,3,1.0,0.0,1.0,6,True,586,geme586end3.png,OK
3,4,2.0,0.0,2.0,5,False,586,geme586end4.png,OK
4,5,0.0,2.0,-2.0,4,False,586,geme586end5.png,OK
5,6,1.0,0.0,1.0,3,True,586,geme586end6.png,OK
6,7,1.0,0.0,1.0,2,False,586,geme586end7.png,OK
7,8,0.0,4.0,-4.0,1,False,586,geme586end8.png,OK
8,9,0.0,2.0,-2.0,0,True,586,geme586end9.png,OK
9,10,2.0,0.0,2.0,0,True,586,geme586end10.png,OK
0,1,1.0,0.0,1.0,8,True,597,geme597end1.png,OK
1,2,0.0,1.0,-1.0,7,False,597,geme597end2.png,OK
2,3,0.0,0.0,0.0,6,True,597,geme597end3.png,OK
3,4,0.0,1.0,-1.0,5,True,597,geme597end4.png,OK
4,5,3.0,0.0,3.0,4,True,597,geme597end5.png,OK
5,6,0.0,1.0,-1.0,3,False,597,geme597end6.png,OK
6,7,2.0,0.0,2.0,2,True,597,geme597end7.png,OK
7,8,0.0,1.0,-1.0,1,False,597,geme597end8.png,OK
8,9,2.0,0.0,2.0,0,True,597,geme597end9.png,OK
0,1,0.0,3.0,-3.0,8,False,608,geme608end1.png,OK
1,2,0.0,2.0,-2.0,7,True,608,geme608end2.png,OK
2,3,1.0,0.0,1.0,6,True,608,geme608end3.png,OK
3,4,0.0,2.0,-2.0,5,False,608,geme608end4.png,OK
4,5,0.0,1.0,-1.0,4,True,608,geme608end5.png,OK
5,6,1.0,0.0,1.0,3,True,608,geme608end6.png,OK
6,7,0.0,2.0,-2.0,2,False,608,geme608end7.png,OK
0,1,0.0,0.0,0.0,8,False,616,geme616end1.png,OK
1,2,0.0,0.0,0.0,7,False,616,geme616end2.png,OK
2,3,0.0,1.0,-1.0,6,False,616,geme616end3.png,OK
3,4,1.0,0.0,1.0,5,True,616,geme616end4.png,OK
4,5,0.0,0.0,0.0,4,False,616,geme616end5.png,OK
5,6,0.0,1.0,-1.0,3,False,616,geme616end6.png,OK
6,7,1.0,0.0,1.0,2,True,616,geme616end7.png,OK
7,8,0.0,1.0,-1.0,1,False,616,geme616end8.png,OK
8,9,1.0,0.0,1.0,0,True,616,geme616end9.png,OK
9,10,0.0,1.0,-1.0,0,False,616,geme616end10.png,OK
0,1,0.0,0.0,0.0,8,False,628,geme628end1.png,OK
1,2,1.0,0.0,1.0,7,False,628,geme628end2.png,OK
2,3,0.0,1.0,-1.0,6,False,628,geme628end3.png,OK
3,4,1.0,0.0,1.0,5,True,628,geme628end4.png,OK
4,5,0.0,0.0,0.0,4,False,628,geme628end5.png,OK
5,6,0.0,1.0,-1.0,3,False,628,geme628end6.png,OK
6,7,2.0,0.0,2.0,2,True,628,geme628end7.png,OK
7,8,1.0,0.0,1.0,1,False,628,geme628end8.png,OK
8,9,0.0,2.0,-2.0,0,False,628,geme628end9.png,OK
9,10,0.0,1.0,-1.0,0,True,628,geme628end10.png,OK
10,11,1.0,0.0,1.0,0,True,628,geme628end11.png,OK
0,1,2.0,0.0,2.0,8,True,640,geme640end1.png,OK
1,2,0.0,1.0,-1.0,7,False,640,geme640end2.png,OK
2,3,2.0,0.0,2.0,6,True,640,geme640end3.png,OK
3,4,1.0,0.0,1.0,5,False,640,geme640end4.png,OK
4,5,0.0,3.0,-3.0,4,False,640,geme640end5.png,OK
5,6,2.0,0.0,2.0,3,True,640,geme640end6.png,OK
6,7,0.0,1.0,-1.0,2,False,640,geme640end7.png,OK
7,8,3.0,0.0,3.0,1,True,640,geme640end8.png,OK
0,1,0.0,0.0,0.0,8,False,649,geme649end1.png,OK
1,2,0.0,3.0,-3.0,7,False,649,geme649end2.png,OK
2,3,0.0,1.0,-1.0,6,True,649,geme649end3.png,OK
3,4,0.0,1.0,-1.0,5,True,649,geme649end4.png,OK
4,5,0.0,5.0,-5.0,4,True,649,geme649end5.png,OK
5,6,1.0,0.0,1.0,3,True,649,geme649end6.png,OK
0,1,0.0,2.0,-2.0,8,False,656,geme656end1.png,OK
1,2,1.0,0.0,1.0,7,True,656,geme656end2.png,OK
2,3,0.0,1.0,-1.0,6,False,656,geme656end3.png,OK
3,4,2.0,0.0,2.0,5,True,656,geme656end4.png,OK
4,5,0.0,0.0,0.0,4,False,656,geme656end5.png,OK
5,6,0.0,1.0,-1.0,3,False,656,geme656end6.png,OK
6,7,1.0,0.0,1.0,2,True,656,geme656end7.png,OK
7,8,0.0,1.0,-1.0,1,False,656,geme656end8.png,OK
8,9,1.0,0.0,1.0,0,True,656,geme656end9.png,OK
9,10,0.0,1.0,-1.0,0,False,656,geme656end10.png,OK
0,1,1.0,0.0,1.0,8,True,668,geme668end1.png,OK
1,2,0.0,1.0,-1.0,7,False,668,geme668end2.png,OK
2,3,1.0,0.0,1.0,6,True,668,geme668end3.png,OK
3,4,0.0,3.0,-3.0,5,False,668,geme668end4.png,OK
4,5,0.0,1.0,-1.0,4,True,668,geme668end5.png,OK
5,6,0.0,0.0,0.0,3,True,668,geme668end6.png,OK
6,7,2.0,0.0,2.0,2,True,668,geme668end7.png,OK
7,8,0.0,2.0,-2.0,1,False,668,geme668end8.png,OK
8,9,2.0,0.0,2.0,0,True,668,geme668end9.png,OK
9,10,0.0,1.0,-1.0,0,False,668,geme668end10.png,OK
0,1,0.0,0.0,0.0,8,False,679,geme679end1.png,OK
1,2,0.0,0.0,0.0,7,False,679,geme679end2.png,OK
2,3,0.0,1.0,-1.0,6,False,679,geme679end3.png,OK
3,4,1.0,0.0,1.0,5,True,679,geme679end4.png,OK
4,5,0.0,0.0,0.0,4,False,679,geme679end5.png,OK
5,6,0.0,1.0,-1.0,3,False,679,geme679end6.png,OK
6,7,1.0,0.0,1.0,2,True,679,geme679end7.png,OK
7,8,0.0,2.0,-2.0,1,False,679,geme679end8.png,OK
8,9,2.0,0.0,2.0,0,True,679,geme679end9.png,OK
9,10,0.0,1.0,-1.0,0,False,679,geme679end10.png,OK
0,1,0.0,0.0,0.0,8,False,690,geme690end1.png,OK
1,2,0.0,1.0,-1.0,7,False,690,geme690end2.png,OK
2,3,0.0,0.0,0.0,6,True,690,geme690end3.png,OK
3,4,0.0,2.0,-2.0,5,True,690,geme690end4.png,OK
4,5,0.0,0.0,0.0,4,True,690,geme690end5.png,OK
5,6,2.0,0.0,2.0,3,True,690,geme690end6.png,OK
6,7,0.0,0.0,0.0,2,False,690,geme690end7.png,OK
7,8,0.0,1.0,-1.0,1,False,690,geme690end8.png,OK
8,9,0.0,1.0,-1.0,0,True,690,geme690end9.png,OK
0,1,0.0,1.0,-1.0,8,False,701,geme701end1.png,OK
1,2,1.0,0.0,1.0,7,True,701,geme701end2.png,OK
2,3,0.0,0.0,0.0,6,False,701,geme701end3.png,OK
3,4,0.0,0.0,0.0,5,False,701,geme701end4.png,OK
4,5,0.0,0.0,0.0,4,False,701,geme701end5.png,OK
5,6,1.0,0.0,1.0,3,False,701,geme701end6.png,OK
6,7,0.0,2.0,-2.0,2,False,701,geme701end7.png,OK
7,8,0.0,1.0,-1.0,1,True,701,geme701end8.png,OK
8,9,3.0,0.0,3.0,0,True,701,geme701end9.png,OK
9,10,1.0,0.0,1.0,0,False,701,geme701end10.png,OK
0,1,0.0,0.0,0.0,8,False,713,geme713end1.png,OK
1,2,0.0,2.0,-2.0,7,False,713,geme713end2.png,OK
2,3,2.0,0.0,2.0,6,True,713,geme713end3.png,OK
3,4,0.0,2.0,-2.0,5,False,713,geme713end4.png,OK
4,5,0.0,0.0,0.0,4,True,713,geme713end5.png,OK
5,6,1.0,0.0,1.0,3,True,713,geme713end6.png,OK
6,7,0.0,2.0,-2.0,2,False,713,geme713end7.png,OK
7,8,0.0,1.0,-1.0,1,True,713,geme713end8.png,OK
8,9,2.0,0.0,2.0,0,True,713,geme713end9.png,OK
9,10,1.0,0.0,1.0,0,False,713,geme713end10.png,OK
0,1,0.0,0.0,0.0,8,False,724,geme724end1.png,OK
1,2,4.0,0.0,4.0,7,False,724,geme724end2.png,OK
2,3,1.0,0.0,1.0,6,False,724,geme724end3.png,OK
3,4,1.0,0.0,1.0,5,False,724,geme724end4.png,OK
4,5,0.0,1.0,-1.0,4,False,724,geme724end5.png,OK
5,6,1.0,0.0,1.0,3,True,724,geme724end6.png,OK
6,7,3.0,0.0,3.0,2,False,724,geme724end7.png,OK
0,1,0.0,0.0,0.0,8,False,732,geme732end1.png,OK
1,2,0.0,1.0,-1.0,7,False,732,geme732end2.png,OK
2,3,0.0,0.0,0.0,6,True,732,geme732end3.png,OK
3,4,1.0,0.0,1.0,5,True,732,geme732end4.png,OK
4,5,0.0,2.0,-2.0,4,False,732,geme732end5.png,OK
5,6,1.0,0.0,1.0,3,True,732,geme732end6.png,OK
6,7,0.0,0.0,0.0,2,False,732,geme732end7.png,OK
7,8,1.0,0.0,1.0,1,False,732,geme732end8.png,OK
8,9,0.0,0.0,0.0,0,False,732,geme732end9.png,OK
9,10,1.0,0.0,1.0,0,False,732,geme732end10.png,OK
0,1,0.0,0.0,0.0,8,True,743,geme743end1.png,OK
1,2,2.0,0.0,2.0,7,True,743,geme743end2.png,OK
2,3,0.0,2.0,-2.0,6,False,743,geme743end3.png,OK
3,4,0.0,2.0,-2.0,5,True,743,geme743end4.png,OK
4,5,2.0,0.0,2.0,4,True,743,geme743end5.png,OK
5,6,1.0,0.0,1.0,3,False,743,geme743end6.png,OK
6,7,0.0,2.0,-2.0,2,False,743,geme743end7.png,OK
7,8,3.0,0.0,3.0,1,True,743,geme743end8.png,OK
8,9,0.0,0.0,0.0,0,False,743,geme743end9.png,OK
9,10,0.0,3.0,-3.0,0,False,743,geme743end10.png,OK
0,1,0.0,0.0,0.0,8,True,755,geme755end1.png,OK
1,2,0.0,1.0,-1.0,7,True,755,geme755end2.png,OK
2,3,3.0,0.0,3.0,6,True,755,geme755end3.png,OK
3,4,1.0,0.0,1.0,5,False,755,geme755end4.png,OK
4,5,3.0,0.0,3.0,4,False,755,geme755end5.png,OK
5,6,0.0,2.0,-2.0,3,False,755,geme755end6.png,OK
6,7,2.0,0.0,2.0,2,True,755,geme755end7.png,OK
0,1,0.0,0.0,0.0,8,True,763,geme763end1.png,OK
1,2,0.0,1.0,-1.0,7,True,763,geme763end2.png,OK
2,3,0.0,1.0,-1.0,6,True,763,geme763end3.png,OK
3,4,1.0,0.0,1.0,5,True,763,geme763end4.png,OK
4,5,0.0,0.0,0.0,4,False,763,geme763end5.png,OK
5,6,0.0,1.0,-1.0,3,False,763,geme763end6.png,OK
6,7,2.0,0.0,2.0,2,True,763,geme763end7.png,OK
7,8,0.0,0.0,0.0,1,False,763,geme763end8.png,OK
8,9,1.0,0.0,1.0,0,False,763,geme763end9.png,OK
9,10,0.0,1.0,-1.0,0,False,763,geme763end10.png,OK
10,11,0.0,2.0,-2.0,0,True,763,geme763end11.png,OK
0,1,0.0,0.0,0.0,8,True,775,geme775end1.png,OK
1,2,1.0,0.0,1.0,7,True,775,geme775end2.png,OK
2,3,0.0,2.0,-2.0,6,False,775,geme775end3.png,OK
3,4,2.0,0.0,2.0,5,True,775,geme775end4.png,OK
4,5,0.0,2.0,-2.0,4,False,775,geme775end5.png,OK
5,6,1.0,0.0,1.0,3,True,775,geme775end6.png,OK
6,7,0.0,1.0,-1.0,2,False,775,geme775end7.png,OK
7,8,1.0,0.0,1.0,1,True,775,geme775end8.png,OK
8,9,0.0,2.0,-2.0,0,False,775,geme775end9.png,OK
9,10,2.0,0.0,2.0,0,True,775,geme775end10.png,OK
10,11,0.0,1.0,-1.0,0,False,775,geme775end11.png,OK
0,1,1.0,0.0,1.0,8,True,787,geme787end1.png,OK
1,2,0.0,1.0,-1.0,7,False,787,geme787end2.png,OK
2,3,3.0,0.0,3.0,6,True,787,geme787end3.png,OK
3,4,0.0,1.0,-1.0,5,False,787,geme787end4.png,OK
4,5,1.0,0.0,1.0,4,True,787,geme787end5.png,OK
5,6,0.0,1.0,-1.0,3,False,787,geme787end6.png,OK
6,7,2.0,0.0,2.0,2,True,787,geme787end7.png,OK
7,8,0.0,2.0,-2.0,1,False,787,geme787end8.png,OK
8,9,3.0,0.0,3.0,0,True,787,geme787end9.png,OK
0,1,1.0,0.0,1.0,8,False,798,geme798end1.png,OK
1,2,0.0,2.0,-2.0,7,False,798,geme798end2.png,OK
2,3,2.0,0.0,2.0,6,True,798,geme798end3.png,OK
3,4,0.0,1.0,-1.0,5,False,798,geme798end4.png,OK
4,5,1.0,0.0,1.0,4,True,798,geme798end5.png,OK
5,6,0.0,2.0,-2.0,3,False,798,geme798end6.png,OK
6,7,0.0,1.0,-1.0,2,True,798,geme798end7.png,OK
7,8,1.0,0.0,1.0,1,True,798,geme798end8.png,OK
8,9,0.0,2.0,-2.0,0,False,798,geme798end9.png,OK
0,1,2.0,0.0,2.0,8,True,809,geme809end1.png,OK
1,2,0.0,4.0,-4.0,7,False,809,geme809end2.png,OK
2,3,2.0,0.0,2.0,6,True,809,geme809end3.png,OK
3,4,0.0,5.0,-5.0,5,False,809,geme809end4.png,OK
4,5,0.0,1.0,-1.0,4,True,809,geme809end5.png,OK
5,6,1.0,0.0,1.0,3,True,809,geme809end6.png,OK
6,7,0.0,4.0,-4.0,2,False,809,geme809end7.png,OK
0,1,2.0,0.0,2.0,8,True,817,geme817end1.png,OK
1,2,0.0,2.0,-2.0,7,False,817,geme817end2.png,OK
2,3,2.0,0.0,2.0,6,True,817,geme817end3.png,OK
3,4,0.0,1.0,-1.0,5,False,817,geme817end4.png,OK
4,5,1.0,0.0,1.0,4,True,817,geme817end5.png,OK
5,6,0.0,1.0,-1.0,3,False,817,geme817end6.png,OK
6,7,1.0,0.0,1.0,2,True,817,geme817end7.png,OK
7,8,0.0,1.0,-1.0,1,False,817,geme817end8.png,OK
8,9,2.0,0.0,2.0,0,True,817,geme817end9.png,OK
9,10,1.0,0.0,1.0,0,False,817,geme817end10.png,OK
0,1,0.0,2.0,-2.0,8,False,828,geme828end1.png,OK
1,2,3.0,0.0,3.0,7,True,828,geme828end2.png,OK
2,3,0.0,1.0,-1.0,6,False,828,geme828end3.png,OK
3,4,3.0,0.0,3.0,5,True,828,geme828end4.png,OK
4,5,0.0,1.0,-1.0,4,False,828,geme828end5.png,OK
5,6,0.0,0.0,0.0,3,True,828,geme828end6.png,OK
6,7,0.0,0.0,0.0,2,True,828,geme828end7.png,OK
7,8,5.0,0.0,5.0,1,True,828,geme828end8.png,OK
0,1,0.0,1.0,-1.0,8,False,838,geme838end1.png,OK
1,2,2.0,0.0,2.0,7,True,838,geme838end2.png,OK
2,3,0.0,2.0,-2.0,6,False,838,geme838end3.png,OK
3,4,1.0,0.0,1.0,5,True,838,geme838end4.png,OK
4,5,0.0,3.0,-3.0,4,False,838,geme838end5.png,OK
5,6,2.0,0.0,2.0,3,True,838,geme838end6.png,OK
6,7,0.0,2.0,-2.0,2,False,838,geme838end7.png,OK
7,8,1.0,0.0,1.0,1,True,838,geme838end8.png,OK
8,9,0.0,2.0,-2.0,0,False,838,geme838end9.png,OK
0,1,4.0,0.0,4.0,8,True,848,geme848end1.png,OK
1,2,0.0,1.0,-1.0,7,False,848,geme848end2.png,OK
2,3,0.0,0.0,0.0,6,True,848,geme848end3.png,OK
3,4,1.0,0.0,1.0,5,True,848,geme848end4.png,OK
4,5,0.0,1.0,-1.0,4,False,848,geme848end5.png,OK
5,6,2.0,0.0,2.0,3,True,848,geme848end6.png,OK
6,7,2.0,0.0,2.0,2,False,848,geme848end7.png,OK
0,1,0.0,1.0,-1.0,8,True,856,geme856end1.png,OK
1,2,1.0,0.0,1.0,7,True,856,geme856end2.png,OK
2,3,0.0,1.0,-1.0,6,False,856,geme856end3.png,OK
3,4,0.0,0.0,0.0,5,True,856,geme856end4.png,OK
4,5,2.0,0.0,2.0,4,True,856,geme856end5.png,OK
5,6,0.0,0.0,0.0,3,False,856,geme856end6.png,OK
6,7,0.0,3.0,-3.0,2,False,856,geme856end7.png,OK
7,8,0.0,1.0,-1.0,1,True,856,geme856end8.png,OK
8,9,2.0,0.0,2.0,0,True,856,geme856end9.png,OK
9,10,0.0,1.0,-1.0,0,False,856,geme856end10.png,OK
0,1,1.0,0.0,1.0,8,False,867,geme867end1.png,OK
1,2,1.0,0.0,1.0,7,False,867,geme867end2.png,OK
2,3,0.0,0.0,0.0,6,False,867,geme867end3.png,OK
3,4,0.0,3.0,-3.0,5,False,867,geme867end4.png,OK
4,5,0.0,0.0,0.0,4,True,867,geme867end5.png,OK
5,6,1.0,0.0,1.0,3,True,867,geme867end6.png,OK
6,7,0.0,2.0,-2.0,2,False,867,geme867end7.png,OK
7,8,2.0,0.0,2.0,1,True,867,geme867end8.png,OK
8,9,0.0,1.0,-1.0,0,False,867,geme867end9.png,OK
9,10,1.0,0.0,1.0,0,True,867,geme867end10.png,OK
10,11,0.0,1.0,-1.0,0,False,867,geme867end11.png,OK
0,1,0.0,1.0,-1.0,8,False,880,geme880end1.png,OK
1,2,2.0,0.0,2.0,7,True,880,geme880end2.png,OK
2,3,0.0,2.0,-2.0,6,False,880,geme880end3.png,OK
3,4,0.0,1.0,-1.0,5,True,880,geme880end4.png,OK
4,5,1.0,0.0,1.0,4,True,880,geme880end5.png,OK
5,6,0.0,2.0,-2.0,3,False,880,geme880end6.png,OK
6,7,1.0,0.0,1.0,2,True,880,geme880end7.png,OK
7,8,0.0,1.0,-1.0,1,False,880,geme880end8.png,OK
8,9,1.0,0.0,1.0,0,True,880,geme880end9.png,OK
0,1,2.0,0.0,2.0,8,True,891,geme891end1.png,OK
1,2,0.0,1.0,-1.0,7,False,891,geme891end2.png,OK
2,3,1.0,0.0,1.0,6,True,891,geme891end3.png,OK
3,4,2.0,0.0,2.0,5,False,891,geme891end4.png,OK
4,5,0.0,1.0,-1.0,4,False,891,geme891end5.png,OK
5,6,2.0,0.0,2.0,3,True,891,geme891end6.png,OK
6,7,0.0,2.0,-2.0,2,False,891,geme891end7.png,OK
7,8,1.0,0.0,1.0,1,True,891,geme891end8.png,OK
8,9,0.0,1.0,-1.0,0,False,891,geme891end9.png,OK
0,1,1.0,0.0,1.0,8,False,901,geme901end1.png,OK
1,2,0.0,1.0,-1.0,7,False,901,geme901end2.png,OK
2,3,2.0,0.0,2.0,6,True,901,geme901end3.png,OK
3,4,0.0,1.0,-1.0,5,False,901,geme901end4.png,OK
4,5,0.0,0.0,0.0,4,True,901,geme901end5.png,OK
5,6,2.0,0.0,2.0,3,True,901,geme901end6.png,OK
6,7,0.0,2.0,-2.0,2,False,901,geme901end7.png,OK
7,8,4.0,0.0,4.0,1,True,901,geme901end8.png,OK
0,1,0.0,1.0,-1.0,8,False,910,geme910end1.png,OK
1,2,2.0,0.0,2.0,7,True,910,geme910end2.png,OK
2,3,0.0,1.0,-1.0,6,False,910,geme910end3.png,OK
3,4,2.0,0.0,2.0,5,True,910,geme910end4.png,OK
4,5,2.0,0.0,2.0,4,False,910,geme910end5.png,OK
5,6,0.0,0.0,0.0,3,False,910,geme910end6.png,OK
6,7,1.0,0.0,1.0,2,False,910,geme910end7.png,OK
7,8,0.0,2.0,-2.0,1,False,910,geme910end8.png,OK
8,9,0.0,1.0,-1.0,0,True,910,geme910end9.png,OK
0,1,0.0,1.0,-1.0,8,False,922,geme922end1.png,OK
1,2,0.0,1.0,-1.0,7,True,922,geme922end2.png,OK
2,3,1.0,0.0,1.0,6,True,922,geme922end3.png,OK
3,4,1.0,0.0,1.0,5,False,922,geme922end4.png,OK
4,5,0.0,4.0,-4.0,4,False,922,geme922end5.png,OK
5,6,0.0,0.0,0.0,3,True,922,geme922end6.png,OK
6,7,0.0,1.0,-1.0,2,True,922,geme922end7.png,OK
0,1,0.0,0.0,0.0,8,False,930,geme930end1.png,OK
1,2,0.0,0.0,0.0,7,False,930,geme930end2.png,OK
2,3,0.0,2.0,-2.0,6,False,930,geme930end3.png,OK
3,4,2.0,0.0,2.0,5,True,930,geme930end4.png,OK
4,5,0.0,0.0,0.0,4,False,930,geme930end5.png,OK
5,6,0.0,4.0,-4.0,3,False,930,geme930end6.png,OK
6,7,2.0,0.0,2.0,2,True,930,geme930end7.png,OK
7,8,0.0,2.0,-2.0,1,False,930,geme930end8.png,OK
8,9,1.0,0.0,1.0,0,True,930,geme930end9.png,OK
0,1,0.0,2.0,-2.0,8,False,940,geme940end1.png,OK
1,2,1.0,0.0,1.0,7,True,940,geme940end2.png,OK
2,3,0.0,2.0,-2.0,6,False,940,geme940end3.png,OK
3,4,0.0,1.0,-1.0,5,True,940,geme940end4.png,OK
4,5,0.0,0.0,0.0,4,True,940,geme940end5.png,OK
5,6,1.0,0.0,1.0,3,True,940,geme940end6.png,OK
6,7,1.0,0.0,1.0,2,False,940,geme940end7.png,OK
7,8,0.0,2.0,-2.0,1,False,940,geme940end8.png,OK
8,9,1.0,0.0,1.0,0,True,940,geme940end9.png,OK
0,1,0.0,0.0,0.0,8,False,951,geme951end1.png,OK
1,2,0.0,2.0,-2.0,7,False,951,geme951end2.png,OK
2,3,1.0,0.0,1.0,6,True,951,geme951end3.png,OK
3,4,1.0,0.0,1.0,5,False,951,geme951end4.png,OK
4,5,0.0,0.0,0.0,4,False,951,geme951end5.png,OK
5,6,0.0,1.0,-1.0,3,False,951,geme951end6.png,OK
6,7,1.0,0.0,1.0,2,True,951,geme951end7.png,OK
7,8,0.0,3.0,-3.0,1,False,951,geme951end8.png,OK
8,9,1.0,0.0,1.0,0,True,951,geme951end9.png,OK
9,10,0.0,1.0,-1.0,0,False,951,geme951end10.png,OK
0,1,0.0,4.0,-4.0,8,False,963,geme963end1.png,OK
1,2,1.0,0.0,1.0,7,True,963,geme963end2.png,OK
2,3,0.0,0.0,0.0,6,False,963,geme963end3.png,OK
3,4,0.0,1.0,-1.0,5,False,963,geme963end4.png,OK
4,5,2.0,0.0,2.0,4,True,963,geme963end5.png,OK
5,6,1.0,0.0,1.0,3,False,963,geme963end6.png,OK
6,7,0.0,2.0,-2.0,2,False,963,geme963end7.png,OK
7,8,0.0,1.0,-1.0,1,True,963,geme963end8.png,OK
8,9,1.0,0.0,1.0,0,True,963,geme963end9.png,OK
0,1,0.0,0.0,0.0,8,False,973,geme973end1.png,OK
1,2,0.0,0.0,0.0,7,False,973,geme973end2.png,OK
2,3,0.0,3.0,-3.0,6,False,973,geme973end3.png,OK
3,4,0.0,0.0,0.0,5,True,973,geme973end4.png,OK
4,5,0.0,1.0,-1.0,4,True,973,geme973end5.png,OK
5,6,1.0,0.0,1.0,3,True,973,geme973end6.png,OK
6,7,1.0,0.0,1.0,2,False,973,geme973end7.png,OK
7,8,1.0,0.0,1.0,1,False,973,geme973end8.png,OK
8,9,0.0,1.0,-1.0,0,False,973,geme973end9.png,OK
9,10,1.0,0.0,1.0,0,True,973,geme973end10.png,OK
0,1,0.0,2.0,-2.0,8,False,984,geme984end1.png,OK
1,2,2.0,0.0,2.0,7,True,984,geme984end2.png,OK
2,3,0.0,1.0,-1.0,6,False,984,geme984end3.png,OK
3,4,0.0,1.0,-1.0,5,True,984,geme984end4.png,OK
4,5,0.0,0.0,0.0,4,True,984,geme984end5.png,OK
5,6,1.0,0.0,1.0,3,True,984,geme984end6.png,OK
6,7,0.0,1.0,-1.0,2,False,984,geme984end7.png,OK
7,8,2.0,0.0,2.0,1,True,984,geme984end8.png,OK
8,9,0.0,2.0,-2.0,0,False,984,geme984end9.png,OK
9,10,2.0,0.0,2.0,0,True,984,geme984end10.png,OK
10,11,0.0,1.0,-1.0,0,False,984,geme984end11.png,OK
0,1,0.0,2.0,-2.0,8,False,996,geme996end1.png,OK
1,2,0.0,1.0,-1.0,7,True,996,geme996end2.png,OK
2,3,2.0,0.0,2.0,6,True,996,geme996end3.png,OK
3,4,0.0,3.0,-3.0,5,False,996,geme996end4.png,OK
4,5,0.0,2.0,-2.0,4,True,996,geme996end5.png,OK
5,6,0.0,1.0,-1.0,3,True,996,geme996end6.png,OK
6,7,1.0,0.0,1.0,2,True,996,geme996end7.png,OK
0,1,0.0,0.0,0.0,8,True,1005,geme1005end1.png,OK
1,2,1.0,0.0,1.0,7,True,1005,geme1005end2.png,OK
2,3,1.0,0.0,1.0,6,False,1005,geme1005end3.png,OK
3,4,0.0,2.0,-2.0,5,False,1005,geme1005end4.png,OK
4,5,2.0,0.0,2.0,4,True,1005,geme1005end5.png,OK
5,6,3.0,0.0,3.0,3,False,1005,geme1005end6.png,OK
6,7,0.0,2.0,-2.0,2,False,1005,geme1005end7.png,OK
7,8,1.0,0.0,1.0,1,True,1005,geme1005end8.png,OK
8,9,0.0,1.0,-1.0,0,False,1005,geme1005end9.png,OK
0,1,0.0,0.0,0.0,8,False,1016,geme1016end1.png,OK
1,2,0.0,3.0,-3.0,7,False,1016,geme1016end2.png,OK
2,3,0.0,2.0,-2.0,6,True,1016,geme1016end3.png,OK
3,4,0.0,0.0,0.0,5,True,1016,geme1016end4.png,OK
4,5,1.0,0.0,1.0,4,True,1016,geme1016end5.png,OK
5,6,0.0,0.0,0.0,3,False,1016,geme1016end6.png,OK
6,7,0.0,1.0,-1.0,2,False,1016,geme1016end7.png,OK
7,8,0.0,1.0,-1.0,1,True,1016,geme1016end8.png,OK
0,1,0.0,0.0,0.0,8,True,1025,geme1025end1.png,OK
1,2,2.0,0.0,2.0,7,True,1025,geme1025end2.png,OK
2,3,0.0,2.0,-2.0,6,False,1025,geme1025end3.png,OK
3,4,2.0,0.0,2.0,5,True,1025,geme1025end4.png,OK
4,5,0.0,1.0,-1.0,4,False,1025,geme1025end5.png,OK
5,6,1.0,0.0,1.0,3,True,1025,geme1025end6.png,OK
6,7,0.0,0.0,0.0,2,False,1025,geme1025end7.png,OK
7,8,1.0,0.0,1.0,1,False,1025,geme1025end8.png,OK
8,9,0.0,2.0,-2.0,0,False,1025,geme1025end9.png,OK
9,10,0.0,1.0,-1.0,0,True,1025,geme1025end10.png,OK
10,11,1.0,0.0,1.0,0,True,1025,geme1025end11.png,OK
0,1,0.0,1.0,-1.0,8,True,1037,geme1037end1.png,OK
1,2,2.0,0.0,2.0,7,True,1037,geme1037end2.png,OK
2,3,0.0,0.0,0.0,6,False,1037,geme1037end3.png,OK
3,4,0.0,1.0,-1.0,5,False,1037,geme1037end4.png,OK
4,5,3.0,0.0,3.0,4,True,1037,geme1037end5.png,OK
5,6,0.0,2.0,-2.0,3,False,1037,geme1037end6.png,OK
6,7,0.0,2.0,-2.0,2,True,1037,geme1037end7.png,OK
7,8,1.0,0.0,1.0,1,True,1037,geme1037end8.png,OK
8,9,0.0,2.0,-2.0,0,False,1037,geme1037end9.png,OK
9,10,0.0,1.0,-1.0,0,True,1037,geme1037end10.png,OK
