,ends,red,yellow,red_diff,remain_ends,last_stone_is_red,page,filepath,INFO
0,1,0.0,0.0,0.0,8,True,7,geme7end1.png,OK
1,2,3.0,0.0,3.0,7,True,7,geme7end2.png,OK
2,3,0.0,1.0,-1.0,6,False,7,geme7end3.png,OK
3,4,1.0,0.0,1.0,5,True,7,geme7end4.png,OK
4,5,0.0,2.0,-2.0,4,False,7,geme7end5.png,OK
5,6,1.0,0.0,1.0,3,True,7,geme7end6.png,OK
6,7,0.0,2.0,-2.0,2,False,7,geme7end7.png,OK
7,8,1.0,0.0,1.0,1,True,7,geme7end8.png,OK
8,9,0.0,1.0,-1.0,0,False,7,geme7end9.png,OK
9,10,1.0,0.0,1.0,0,True,7,geme7end10.png,OK
0,1,1.0,0.0,1.0,8,True,24,geme24end1.png,OK
1,2,0.0,2.0,-2.0,7,False,24,geme24end2.png,OK
2,3,1.0,0.0,1.0,6,True,24,geme24end3.png,OK
3,4,0.0,1.0,-1.0,5,False,24,geme24end4.png,OK
4,5,0.0,1.0,-1.0,4,True,24,geme24end5.png,OK
5,6,3.0,0.0,3.0,3,True,24,geme24end6.png,OK
6,7,0.0,1.0,-1.0,2,False,24,geme24end7.png,OK
7,8,2.0,0.0,2.0,1,True,24,geme24end8.png,OK
8,9,0.0,0.0,0.0,0,False,24,geme24end9.png,OK
9,10,0.0,2.0,-2.0,0,False,24,geme24end10.png,OK
10,11,1.0,0.0,1.0,0,True,24,geme24end11.png,OK
0,1,1.0,0.0,1.0,8,True,39,geme39end1.png,OK
1,2,0.0,1.0,-1.0,7,False,39,geme39end2.png,OK
2,3,2.0,0.0,2.0,6,True,39,geme39end3.png,OK
3,4,0.0,2.0,-2.0,5,False,39,geme39end4.png,OK
4,5,1.0,0.0,1.0,4,True,39,geme39end5.png,OK
5,6,0.0,0.0,0.0,3,False,39,geme39end6.png,OK
6,7,0.0,2.0,-2.0,2,False,39,geme39end7.png,OK
7,8,2.0,0.0,2.0,1,True,39,geme39end8.png,OK
8,9,0.0,0.0,0.0,0,False,39,geme39end9.png,OK
9,10,1.0,0.0,1.0,0,False,39,geme39end10.png,OK
0,1,0.0,0.0,0.0,8,False,50,geme50end1.png,OK
1,2,0.0,2.0,-2.0,7,False,50,geme50end2.png,OK
2,3,1.0,0.0,1.0,6,True,50,geme50end3.png,OK
3,4,0.0,1.0,-1.0,5,False,50,geme50end4.png,OK
4,5,2.0,0.0,2.0,4,True,50,geme50end5.png,OK
5,6,0.0,1.0,-1.0,3,False,50,geme50end6.png,OK
6,7,3.0,0.0,3.0,2,True,50,geme50end7.png,OK
7,8,0.0,2.0,-2.0,1,False,50,geme50end8.png,OK
8,9,0.0,1.0,-1.0,0,True,50,geme50end9.png,OK
9,10,0.0,2.0,-2.0,0,True,50,geme50end10.png,OK
0,1,2.0,0.0,2.0,8,True,62,geme62end1.png,OK
1,2,0.0,3.0,-3.0,7,False,62,geme62end2.png,OK
2,3,2.0,0.0,2.0,6,True,62,geme62end3.png,OK
3,4,0.0,1.0,-1.0,5,False,62,geme62end4.png,OK
4,5,0.0,0.0,0.0,4,True,62,geme62end5.png,OK
5,6,2.0,0.0,2.0,3,True,62,geme62end6.png,OK
6,7,0.0,2.0,-2.0,2,False,62,geme62end7.png,OK
7,8,3.0,0.0,3.0,1,True,62,geme62end8.png,OK
8,9,0.0,1.0,-1.0,0,False,62,geme62end9.png,OK
9,10,0.0,1.0,-1.0,0,True,62,geme62end10.png,OK
0,1,0.0,0.0,0.0,8,False,73,geme73end1.png,OK
1,2,0.0,1.0,-1.0,7,False,73,geme73end2.png,OK
2,3,0.0,1.0,-1.0,6,True,73,geme73end3.png,OK
3,4,2.0,0.0,2.0,5,True,73,geme73end4.png,OK
4,5,0.0,1.0,-1.0,4,False,73,geme73end5.png,OK
5,6,1.0,0.0,1.0,3,True,73,geme73end6.png,OK
6,7,0.0,1.0,-1.0,2,False,73,geme73end7.png,OK
7,8,2.0,0.0,2.0,1,True,73,geme73end8.png,OK
8,9,1.0,0.0,1.0,0,False,73,geme73end9.png,OK
0,1,1.0,0.0,1.0,8,True,105,geme105end1.png,OK
1,2,0.0,2.0,-2.0,7,False,105,geme105end2.png,OK
2,3,1.0,0.0,1.0,6,True,105,geme105end3.png,OK
3,4,1.0,0.0,1.0,5,False,105,geme105end4.png,OK
4,5,0.0,2.0,-2.0,4,False,105,geme105end5.png,OK
5,6,1.0,0.0,1.0,3,True,105,geme105end6.png,OK
6,7,1.0,0.0,1.0,2,False,105,geme105end7.png,OK
7,8,0.0,2.0,-2.0,1,False,105,geme105end8.png,OK
8,9,1.0,0.0,1.0,0,True,105,geme105end9.png,OK
9,10,0.0,1.0,-1.0,0,False,105,geme105end10.png,OK
0,1,0.0,0.0,0.0,8,True,116,geme116end1.png,OK
1,2,2.0,0.0,2.0,7,True,116,geme116end2.png,OK
2,3,0.0,2.0,-2.0,6,False,116,geme116end3.png,OK
3,4,4.0,0.0,4.0,5,True,116,geme116end4.png,OK
4,5,1.0,0.0,1.0,4,False,116,geme116end5.png,OK
5,6,0.0,1.0,-1.0,3,False,116,geme116end6.png,OK
6,7,0.0,1.0,-1.0,2,True,116,geme116end7.png,OK
7,8,0.0,1.0,-1.0,1,True,116,geme116end8.png,OK
8,9,2.0,0.0,2.0,0,True,116,geme116end9.png,OK
0,1,0.0,0.0,0.0,8,False,126,geme126end1.png,OK
1,2,0.0,0.0,0.0,7,False,126,geme126end2.png,OK
2,3,0.0,2.0,-2.0,6,False,126,geme126end3.png,OK
3,4,0.0,1.0,-1.0,5,True,126,geme126end4.png,OK
4,5,1.0,0.0,1.0,4,True,126,geme126end5.png,OK
5,6,0.0,4.0,-4.0,3,False,126,geme126end6.png,OK
6,7,1.0,0.0,1.0,2,True,126,geme126end7.png,OK
7,8,0.0,3.0,-3.0,1,False,126,geme126end8.png,OK
0,1,0.0,2.0,-2.0,8,False,135,geme135end1.png,OK
1,2,0.0,0.0,0.0,7,True,135,geme135end2.png,OK
2,3,2.0,0.0,2.0,6,True,135,geme135end3.png,OK
3,4,0.0,3.0,-3.0,5,False,135,geme135end4.png,OK
4,5,1.0,0.0,1.0,4,True,135,geme135end5.png,OK
5,6,0.0,2.0,-2.0,3,False,135,geme135end6.png,OK
6,7,2.0,0.0,2.0,2,True,135,geme135end7.png,OK
7,8,0.0,2.0,-2.0,1,False,135,geme135end8.png,OK
8,9,1.0,0.0,1.0,0,True,135,geme135end9.png,OK
0,1,0.0,0.0,0.0,8,True,150,geme150end1.png,OK
1,2,0.0,0.0,0.0,7,True,150,geme150end2.png,OK
2,3,0.0,0.0,0.0,6,True,150,geme150end3.png,OK
3,4,1.0,0.0,1.0,5,True,150,geme150end4.png,OK
4,5,1.0,0.0,1.0,4,False,150,geme150end5.png,OK
5,6,0.0,0.0,0.0,3,False,150,geme150end6.png,OK
6,7,0.0,2.0,-2.0,2,False,150,geme150end7.png,OK
7,8,5.0,0.0,5.0,1,True,150,geme150end8.png,OK
8,9,0.0,1.0,-1.0,0,False,150,geme150end9.png,OK
0,1,0.0,0.0,0.0,8,False,160,geme160end1.png,OK
1,2,0.0,0.0,0.0,7,False,160,geme160end2.png,OK
2,3,1.0,0.0,1.0,6,False,160,geme160end3.png,OK
3,4,2.0,0.0,2.0,5,False,160,geme160end4.png,OK
4,5,0.0,1.0,-1.0,4,False,160,geme160end5.png,OK
5,6,0.0,1.0,-1.0,3,True,160,geme160end6.png,OK
6,7,2.0,0.0,2.0,2,True,160,geme160end7.png,OK
7,8,1.0,0.0,1.0,1,False,160,geme160end8.png,OK
8,9,0.0,1.0,-1.0,0,False,160,geme160end9.png,OK
0,1,0.0,3.0,-3.0,8,False,171,geme171end1.png,OK
1,2,1.0,0.0,1.0,7,True,171,geme171end2.png,OK
2,3,0.0,3.0,-3.0,6,False,171,geme171end3.png,OK
3,4,1.0,0.0,1.0,5,True,171,geme171end4.png,OK
4,5,1.0,0.0,1.0,4,False,171,geme171end5.png,OK
5,6,1.0,0.0,1.0,3,False,171,geme171end6.png,OK
6,7,0.0,1.0,-1.0,2,False,171,geme171end7.png,OK
7,8,0.0,4.0,-4.0,1,True,171,geme171end8.png,OK
0,1,2.0,0.0,2.0,8,True,180,geme180end1.png,OK
1,2,0.0,1.0,-1.0,7,False,180,geme180end2.png,OK
2,3,5.0,0.0,5.0,6,True,180,geme180end3.png,OK
3,4,3.0,0.0,3.0,5,False,180,geme180end4.png,OK
4,5,0.0,2.0,-2.0,4,False,180,geme180end5.png,OK
5,6,1.0,0.0,1.0,3,True,180,geme180end6.png,OK
0,1,1.0,0.0,1.0,8,False,187,geme187end1.png,OK
1,2,0.0,1.0,-1.0,7,False,187,geme187end2.png,OK
2,3,2.0,0.0,2.0,6,True,187,geme187end3.png,OK
3,4,0.0,1.0,-1.0,5,False,187,geme187end4.png,OK
4,5,2.0,0.0,2.0,4,True,187,geme187end5.png,OK
5,6,0.0,1.0,-1.0,3,False,187,geme187end6.png,OK
6,7,2.0,0.0,2.0,2,True,187,geme187end7.png,OK
7,8,0.0,2.0,-2.0,1,False,187,geme187end8.png,OK
8,9,1.0,0.0,1.0,0,True,187,geme187end9.png,OK
0,1,0.0,1.0,-1.0,8,True,201,geme201end1.png,OK
1,2,1.0,0.0,1.0,7,True,201,geme201end2.png,OK
2,3,0.0,2.0,-2.0,6,False,201,geme201end3.png,OK
3,4,1.0,0.0,1.0,5,True,201,geme201end4.png,OK
4,5,0.0,2.0,-2.0,4,False,201,geme201end5.png,OK
5,6,2.0,0.0,2.0,3,True,201,geme201end6.png,OK
6,7,0.0,2.0,-2.0,2,False,201,geme201end7.png,OK
7,8,1.0,0.0,1.0,1,True,201,geme201end8.png,OK
8,9,0.0,0.0,0.0,0,False,201,geme201end9.png,OK
0,1,1.0,0.0,1.0,8,True,212,geme212end1.png,OK
1,2,0.0,3.0,-3.0,7,False,212,geme212end2.png,OK
2,3,1.0,0.0,1.0,6,True,212,geme212end3.png,OK
3,4,0.0,1.0,-1.0,5,False,212,geme212end4.png,OK
4,5,2.0,0.0,2.0,4,True,212,geme212end5.png,OK
5,6,0.0,1.0,-1.0,3,False,212,geme212end6.png,OK
6,7,0.0,0.0,0.0,2,True,212,geme212end7.png,OK
7,8,3.0,0.0,3.0,1,True,212,geme212end8.png,OK
8,9,0.0,1.0,-1.0,0,False,212,geme212end9.png,OK
9,10,0.0,1.0,-1.0,0,True,212,geme212end10.png,OK
10,11,0.0,1.0,-1.0,0,True,212,geme212end11.png,OK
0,1,0.0,1.0,-1.0,8,True,224,geme224end1.png,OK
1,2,2.0,0.0,2.0,7,True,224,geme224end2.png,OK
2,3,1.0,0.0,1.0,6,False,224,geme224end3.png,OK
3,4,0.0,0.0,0.0,5,False,224,geme224end4.png,OK
4,5,0.0,2.0,-2.0,4,False,224,geme224end5.png,OK
5,6,1.0,0.0,1.0,3,True,224,geme224end6.png,OK
6,7,0.0,0.0,0.0,2,False,224,geme224end7.png,OK
7,8,0.0,1.0,-1.0,1,False,224,geme224end8.png,OK
8,9,0.0,0.0,0.0,0,True,224,geme224end9.png,OK
9,10,1.0,0.0,1.0,0,True,224,geme224end10.png,OK
0,1,0.0,2.0,-2.0,8,False,235,geme235end1.png,OK
1,2,2.0,0.0,2.0,7,True,235,geme235end2.png,OK
2,3,0.0,1.0,-1.0,6,False,235,geme235end3.png,OK
3,4,2.0,0.0,2.0,5,True,235,geme235end4.png,OK
4,5,0.0,0.0,0.0,4,False,235,geme235end5.png,OK
5,6,0.0,1.0,-1.0,3,False,235,geme235end6.png,OK
6,7,1.0,0.0,1.0,2,True,235,geme235end7.png,OK
7,8,0.0,1.0,-1.0,1,False,235,geme235end8.png,OK
8,9,2.0,0.0,2.0,0,True,235,geme235end9.png,OK
0,1,0.0,0.0,0.0,8,False,249,geme249end1.png,OK
1,2,0.0,2.0,-2.0,7,False,249,geme249end2.png,OK
2,3,0.0,1.0,-1.0,6,True,249,geme249end3.png,OK
3,4,2.0,0.0,2.0,5,True,249,geme249end4.png,OK
4,5,0.0,0.0,0.0,4,False,249,geme249end5.png,OK
5,6,0.0,1.0,-1.0,3,False,249,geme249end6.png,OK
6,7,1.0,0.0,1.0,2,True,249,geme249end7.png,OK
7,8,0.0,1.0,-1.0,1,False,249,geme249end8.png,OK
8,9,2.0,0.0,2.0,0,True,249,geme249end9.png,OK
0,1,0.0,0.0,0.0,8,False,260,geme260end1.png,OK
1,2,0.0,3.0,-3.0,7,False,260,geme260end2.png,OK
2,3,0.0,0.0,0.0,6,True,260,geme260end3.png,OK
3,4,1.0,0.0,1.0,5,True,260,geme260end4.png,OK
4,5,1.0,0.0,1.0,4,False,260,geme260end5.png,OK
5,6,0.0,1.0,-1.0,3,False,260,geme260end6.png,OK
6,7,2.0,0.0,2.0,2,True,260,geme260end7.png,OK
7,8,1.0,0.0,1.0,1,False,260,geme260end8.png,OK
8,9,0.0,1.0,-1.0,0,False,260,geme260end9.png,OK
9,10,4.0,0.0,4.0,0,True,260,geme260end10.png,OK
0,1,0.0,2.0,-2.0,8,True,271,geme271end1.png,OK
1,2,0.0,1.0,-1.0,7,True,271,geme271end2.png,OK
2,3,1.0,0.0,1.0,6,True,271,geme271end3.png,OK
3,4,0.0,1.0,-1.0,5,False,271,geme271end4.png,OK
4,5,2.0,0.0,2.0,4,True,271,geme271end5.png,OK
5,6,0.0,2.0,-2.0,3,False,271,geme271end6.png,OK
6,7,1.0,0.0,1.0,2,True,271,geme271end7.png,OK
7,8,0.0,2.0,-2.0,1,False,271,geme271end8.png,OK
8,9,1.0,0.0,1.0,0,True,271,geme271end9.png,OK
0,1,0.0,1.0,-1.0,8,True,282,geme282end1.png,OK
1,2,0.0,2.0,-2.0,7,True,282,geme282end2.png,OK
2,3,0.0,1.0,-1.0,6,True,282,geme282end3.png,OK
3,4,1.0,0.0,1.0,5,True,282,geme282end4.png,OK
4,5,0.0,3.0,-3.0,4,False,282,geme282end5.png,OK
5,6,1.0,0.0,1.0,3,True,282,geme282end6.png,OK
6,7,0.0,2.0,-2.0,2,False,282,geme282end7.png,OK
7,8,1.0,0.0,1.0,1,True,282,geme282end8.png,OK
0,1,0.0,0.0,0.0,8,True,291,geme291end1.png,OK
1,2,1.0,0.0,1.0,7,True,291,geme291end2.png,OK
2,3,0.0,1.0,-1.0,6,False,291,geme291end3.png,OK
3,4,1.0,0.0,1.0,5,True,291,geme291end4.png,OK
4,5,0.0,0.0,0.0,4,False,291,geme291end5.png,OK
5,6,0.0,0.0,0.0,3,False,291,geme291end6.png,OK
6,7,1.0,0.0,1.0,2,False,291,geme291end7.png,OK
7,8,2.0,0.0,2.0,1,False,291,geme291end8.png,OK
8,9,2.0,0.0,2.0,0,False,291,geme291end9.png,OK
0,1,0.0,0.0,0.0,8,True,301,geme301end1.png,OK
1,2,0.0,1.0,-1.0,7,True,301,geme301end2.png,OK
2,3,0.0,1.0,-1.0,6,True,301,geme301end3.png,OK
3,4,1.0,0.0,1.0,5,True,301,geme301end4.png,OK
4,5,0.0,4.0,-4.0,4,False,301,geme301end5.png,OK
5,6,0.0,1.0,-1.0,3,True,301,geme301end6.png,OK
6,7,2.0,0.0,2.0,2,True,301,geme301end7.png,OK
7,8,0.0,0.0,0.0,1,False,301,geme301end8.png,OK
0,1,0.0,0.0,0.0,8,False,310,geme310end1.png,OK
1,2,0.0,1.0,-1.0,7,False,310,geme310end2.png,OK
2,3,0.0,2.0,-2.0,6,True,310,geme310end3.png,OK
3,4,0.0,1.0,-1.0,5,True,310,geme310end4.png,OK
4,5,0.0,3.0,-3.0,4,True,310,geme310end5.png,OK
5,6,0.0,1.0,-1.0,3,True,310,geme310end6.png,OK
6,7,1.0,0.0,1.0,2,True,310,geme310end7.png,OK
0,1,0.0,0.0,0.0,8,False,319,geme319end1.png,OK
1,2,0.0,1.0,-1.0,7,False,319,geme319end2.png,OK
2,3,2.0,0.0,2.0,6,True,319,geme319end3.png,OK
3,4,0.0,1.0,-1.0,5,False,319,geme319end4.png,OK
4,5,1.0,0.0,1.0,4,True,319,geme319end5.png,OK
5,6,1.0,0.0,1.0,3,False,319,geme319end6.png,OK
6,7,1.0,0.0,1.0,2,False,319,geme319end7.png,OK
7,8,0.0,1.0,-1.0,1,False,319,geme319end8.png,OK
8,9,2.0,0.0,2.0,0,True,319,geme319end9.png,OK
0,1,0.0,0.0,0.0,8,False,330,geme330end1.png,OK
1,2,0.0,2.0,-2.0,7,False,330,geme330end2.png,OK
2,3,1.0,0.0,1.0,6,True,330,geme330end3.png,OK
3,4,0.0,1.0,-1.0,5,False,330,geme330end4.png,OK
4,5,2.0,0.0,2.0,4,True,330,geme330end5.png,OK
5,6,0.0,0.0,0.0,3,False,330,geme330end6.png,OK
6,7,2.0,0.0,2.0,2,False,330,geme330end7.png,OK
7,8,2.0,0.0,2.0,1,False,330,geme330end8.png,OK
8,9,0.0,3.0,-3.0,0,False,330,geme330end9.png,OK
9,10,0.0,1.0,-1.0,0,True,330,geme330end10.png,OK
10,11,2.0,0.0,2.0,0,True,330,geme330end11.png,OK
0,1,0.0,0.0,0.0,8,True,344,geme344end1.png,OK
1,2,1.0,0.0,1.0,7,True,344,geme344end2.png,OK
2,3,0.0,1.0,-1.0,6,False,344,geme344end3.png,OK
3,4,1.0,0.0,1.0,5,True,344,geme344end4.png,OK
4,5,0.0,1.0,-1.0,4,False,344,geme344end5.png,OK
5,6,1.0,0.0,1.0,3,True,344,geme344end6.png,OK
6,7,0.0,1.0,-1.0,2,False,344,geme344end7.png,OK
7,8,2.0,0.0,2.0,1,True,344,geme344end8.png,OK
8,9,2.0,0.0,2.0,0,False,344,geme344end9.png,OK
0,1,0.0,0.0,0.0,8,True,355,geme355end1.png,OK
1,2,2.0,0.0,2.0,7,True,355,geme355end2.png,OK
2,3,1.0,0.0,1.0,6,False,355,geme355end3.png,OK
3,4,1.0,0.0,1.0,5,False,355,geme355end4.png,OK
4,5,2.0,0.0,2.0,4,False,355,geme355end5.png,OK
5,6,0.0,1.0,-1.0,3,False,355,geme355end6.png,OK
6,7,2.0,0.0,2.0,2,True,355,geme355end7.png,OK
0,1,2.0,0.0,2.0,8,True,363,geme363end1.png,OK
1,2,0.0,0.0,0.0,7,False,363,geme363end2.png,OK
2,3,0.0,3.0,-3.0,6,False,363,geme363end3.png,OK
3,4,2.0,0.0,2.0,5,True,363,geme363end4.png,OK
4,5,0.0,1.0,-1.0,4,False,363,geme363end5.png,OK
5,6,0.0,2.0,-2.0,3,True,363,geme363end6.png,OK
6,7,2.0,0.0,2.0,2,True,363,geme363end7.png,OK
7,8,2.0,0.0,2.0,1,False,363,geme363end8.png,OK
8,9,0.0,1.0,-1.0,0,False,363,geme363end9.png,OK
9,10,0.0,0.0,0.0,0,True,363,geme363end10.png,OK
0,1,0.0,0.0,0.0,8,True,374,geme374end1.png,OK
1,2,0.0,0.0,0.0,7,True,374,geme374end2.png,OK
2,3,0.0,2.0,-2.0,6,True,374,geme374end3.png,OK
3,4,3.0,0.0,3.0,5,True,374,geme374end4.png,OK
4,5,0.0,0.0,0.0,4,False,374,geme374end5.png,OK
5,6,1.0,0.0,1.0,3,False,374,geme374end6.png,OK
6,7,0.0,2.0,-2.0,2,False,374,geme374end7.png,OK
7,8,2.0,0.0,2.0,1,True,374,geme374end8.png,OK
8,9,0.0,1.0,-1.0,0,False,374,geme374end9.png,OK
0,1,1.0,0.0,1.0,8,False,388,geme388end1.png,OK
1,2,0.0,1.0,-1.0,7,False,388,geme388end2.png,OK
2,3,3.0,0.0,3.0,6,True,388,geme388end3.png,OK
3,4,0.0,1.0,-1.0,5,False,388,geme388end4.png,OK
4,5,2.0,0.0,2.0,4,True,388,geme388end5.png,OK
5,6,2.0,0.0,2.0,3,False,388,geme388end6.png,OK
6,7,0.0,1.0,-1.0,2,False,388,geme388end7.png,OK
7,8,2.0,0.0,2.0,1,True,388,geme388end8.png,OK
0,1,2.0,0.0,2.0,8,True,397,geme397end1.png,OK
1,2,0.0,2.0,-2.0,7,False,397,geme397end2.png,OK
2,3,0.0,0.0,0.0,6,True,397,geme397end3.png,OK
3,4,0.0,2.0,-2.0,5,True,397,geme397end4.png,OK
4,5,2.0,0.0,2.0,4,True,397,geme397end5.png,OK
5,6,0.0,1.0,-1.0,3,False,397,geme397end6.png,OK
6,7,1.0,0.0,1.0,2,True,397,geme397end7.png,OK
7,8,0.0,1.0,-1.0,1,False,397,geme397end8.png,OK
8,9,2.0,0.0,2.0,0,True,397,geme397end9.png,OK
9,10,0.0,1.0,-1.0,0,False,397,geme397end10.png,OK
10,11,0.0,1.0,-1.0,0,True,397,geme397end11.png,OK
0,1,0.0,1.0,-1.0,8,False,409,geme409end1.png,OK
1,2,3.0,0.0,3.0,7,True,409,geme409end2.png,OK
2,3,0.0,1.0,-1.0,6,False,409,geme409end3.png,OK
3,4,0.0,1.0,-1.0,5,True,409,geme409end4.png,OK
4,5,2.0,0.0,2.0,4,True,409,geme409end5.png,OK
5,6,0.0,2.0,-2.0,3,False,409,geme409end6.png,OK
6,7,3.0,0.0,3.0,2,True,409,geme409end7.png,OK
7,8,4.0,0.0,4.0,1,False,409,geme409end8.png,OK
0,1,3.0,0.0,3.0,8,True,418,geme418end1.png,OK
1,2,1.0,0.0,1.0,7,False,418,geme418end2.png,OK
2,3,1.0,0.0,1.0,6,False,418,geme418end3.png,OK
3,4,0.0,2.0,-2.0,5,False,418,geme418end4.png,OK
4,5,3.0,0.0,3.0,4,True,418,geme418end5.png,OK
5,6,0.0,3.0,-3.0,3,False,418,geme418end6.png,OK
6,7,0.0,1.0,-1.0,2,True,418,geme418end7.png,OK
7,8,1.0,0.0,1.0,1,True,418,geme418end8.png,OK
8,9,0.0,2.0,-2.0,0,False,418,geme418end9.png,OK
0,1,0.0,3.0,-3.0,8,False,430,geme430end1.png,OK
1,2,0.0,1.0,-1.0,7,True,430,geme430end2.png,OK
2,3,2.0,0.0,2.0,6,True,430,geme430end3.png,OK
3,4,1.0,0.0,1.0,5,False,430,geme430end4.png,OK
4,5,0.0,2.0,-2.0,4,False,430,geme430end5.png,OK
5,6,2.0,0.0,2.0,3,True,430,geme430end6.png,OK
6,7,0.0,2.0,-2.0,2,False,430,geme430end7.png,OK
7,8,0.0,1.0,-1.0,1,True,430,geme430end8.png,OK
8,9,0.0,1.0,-1.0,0,True,430,geme430end9.png,OK
0,1,0.0,0.0,0.0,8,True,442,geme442end1.png,OK
1,2,0.0,0.0,0.0,7,True,442,geme442end2.png,OK
2,3,2.0,0.0,2.0,6,True,442,geme442end3.png,OK
3,4,0.0,1.0,-1.0,5,False,442,geme442end4.png,OK
4,5,1.0,0.0,1.0,4,True,442,geme442end5.png,OK
5,6,0.0,1.0,-1.0,3,False,442,geme442end6.png,OK
6,7,2.0,0.0,2.0,2,True,442,geme442end7.png,OK
7,8,2.0,0.0,2.0,1,False,442,geme442end8.png,OK
8,9,0.0,2.0,-2.0,0,False,442,geme442end9.png,OK
9,10,1.0,0.0,1.0,0,True,442,geme442end10.png,OK
0,1,0.0,0.0,0.0,8,False,453,geme453end1.png,OK
1,2,0.0,1.0,-1.0,7,False,453,geme453end2.png,OK
2,3,1.0,0.0,1.0,6,True,453,geme453end3.png,OK
3,4,0.0,1.0,-1.0,5,False,453,geme453end4.png,OK
4,5,0.0,2.0,-2.0,4,True,453,geme453end5.png,OK
5,6,1.0,0.0,1.0,3,True,453,geme453end6.png,OK
6,7,1.0,0.0,1.0,2,False,453,geme453end7.png,OK
7,8,0.0,3.0,-3.0,1,False,453,geme453end8.png,OK
8,9,1.0,0.0,1.0,0,True,453,geme453end9.png,OK
0,1,0.0,1.0,-1.0,8,False,464,geme464end1.png,OK
1,2,2.0,0.0,2.0,7,True,464,geme464end2.png,OK
2,3,0.0,3.0,-3.0,6,False,464,geme464end3.png,OK
3,4,1.0,0.0,1.0,5,True,464,geme464end4.png,OK
4,5,0.0,0.0,0.0,4,False,464,geme464end5.png,OK
5,6,0.0,2.0,-2.0,3,False,464,geme464end6.png,OK
6,7,2.0,0.0,2.0,2,True,464,geme464end7.png,OK
7,8,0.0,2.0,-2.0,1,False,464,geme464end8.png,OK
8,9,1.0,0.0,1.0,0,True,464,geme464end9.png,OK
9,10,1.0,0.0,1.0,0,False,464,geme464end10.png,OK
0,1,1.0,0.0,1.0,8,True,475,geme475end1.png,OK
1,2,0.0,2.0,-2.0,7,False,475,geme475end2.png,OK
2,3,1.0,0.0,1.0,6,True,475,geme475end3.png,OK
3,4,0.0,2.0,-2.0,5,False,475,geme475end4.png,OK
4,5,1.0,0.0,1.0,4,True,475,geme475end5.png,OK
5,6,0.0,1.0,-1.0,3,False,475,geme475end6.png,OK
6,7,1.0,0.0,1.0,2,True,475,geme475end7.png,OK
7,8,0.0,3.0,-3.0,1,False,475,geme475end8.png,OK
8,9,0.0,2.0,-2.0,0,True,475,geme475end9.png,OK
0,1,0.0,0.0,0.0,8,True,485,geme485end1.png,OK
1,2,0.0,1.0,-1.0,7,True,485,geme485end2.png,OK
2,3,2.0,0.0,2.0,6,True,485,geme485end3.png,OK
3,4,0.0,2.0,-2.0,5,False,485,geme485end4.png,OK
4,5,0.0,0.0,0.0,4,True,485,geme485end5.png,OK
5,6,0.0,1.0,-1.0,3,True,485,geme485end6.png,OK
6,7,1.0,0.0,1.0,2,True,485,geme485end7.png,OK
7,8,0.0,1.0,-1.0,1,False,485,geme485end8.png,OK
8,9,3.0,0.0,3.0,0,True,485,geme485end9.png,OK
9,10,0.0,1.0,-1.0,0,False,485,geme485end10.png,OK
0,1,0.0,1.0,-1.0,8,False,497,geme497end1.png,OK
1,2,1.0,0.0,1.0,7,True,497,geme497end2.png,OK
2,3,0.0,2.0,-2.0,6,False,497,geme497end3.png,OK
3,4,3.0,0.0,3.0,5,True,497,geme497end4.png,OK
4,5,0.0,2.0,-2.0,4,False,497,geme497end5.png,OK
5,6,0.0,0.0,0.0,3,True,497,geme497end6.png,OK
6,7,0.0,1.0,-1.0,2,True,497,geme497end7.png,OK
7,8,1.0,0.0,1.0,1,True,497,geme497end8.png,OK
8,9,0.0,2.0,-2.0,0,False,497,geme497end9.png,OK
0,1,0.0,0.0,0.0,8,True,509,geme509end1.png,OK
1,2,0.0,1.0,-1.0,7,True,509,geme509end2.png,OK
2,3,2.0,0.0,2.0,6,True,509,geme509end3.png,OK
3,4,0.0,0.0,0.0,5,False,509,geme509end4.png,OK
4,5,1.0,0.0,1.0,4,False,509,geme509end5.png,OK
5,6,0.0,1.0,-1.0,3,False,509,geme509end6.png,OK
6,7,0.0,0.0,0.0,2,True,509,geme509end7.png,OK
7,8,2.0,0.0,2.0,1,True,509,geme509end8.png,OK
8,9,1.0,0.0,1.0,0,False,509,geme509end9.png,OK
0,1,2.0,0.0,2.0,8,True,521,geme521end1.png,OK
1,2,0.0,1.0,-1.0,7,False,521,geme521end2.png,OK
2,3,3.0,0.0,3.0,6,True,521,geme521end3.png,OK
3,4,1.0,0.0,1.0,5,False,521,geme521end4.png,OK
4,5,0.0,4.0,-4.0,4,False,521,geme521end5.png,OK
5,6,0.0,1.0,-1.0,3,True,521,geme521end6.png,OK
6,7,2.0,0.0,2.0,2,True,521,geme521end7.png,OK
7,8,0.0,2.0,-2.0,1,False,521,geme521end8.png,OK
8,9,2.0,0.0,2.0,0,True,521,geme521end9.png,OK
9,10,0.0,2.0,-2.0,0,False,521,geme521end10.png,OK
10,11,1.0,0.0,1.0,0,True,521,geme521end11.png,OK
0,1,0.0,1.0,-1.0,8,False,536,geme536end1.png,OK
1,2,0.0,0.0,0.0,7,True,536,geme536end2.png,OK
2,3,0.0,1.0,-1.0,6,True,536,geme536end3.png,OK
3,4,0.0,2.0,-2.0,5,True,536,geme536end4.png,OK
4,5,2.0,0.0,2.0,4,True,536,geme536end5.png,OK
5,6,0.0,1.0,-1.0,3,False,536,geme536end6.png,OK
6,7,2.0,0.0,2.0,2,True,536,geme536end7.png,OK
7,8,0.0,3.0,-3.0,1,False,536,geme536end8.png,OK
8,9,0.0,4.0,-4.0,0,True,536,geme536end9.png,OK
0,1,0.0,1.0,-1.0,8,False,546,geme546end1.png,OK
1,2,2.0,0.0,2.0,7,True,546,geme546end2.png,OK
2,3,0.0,1.0,-1.0,6,False,546,geme546end3.png,OK
3,4,0.0,0.0,0.0,5,True,546,geme546end4.png,OK
4,5,2.0,0.0,2.0,4,True,546,geme546end5.png,OK
5,6,0.0,0.0,0.0,3,False,546,geme546end6.png,OK
6,7,0.0,1.0,-1.0,2,False,546,geme546end7.png,OK
7,8,3.0,0.0,3.0,1,True,546,geme546end8.png,OK
8,9,0.0,3.0,-3.0,0,False,546,geme546end9.png,OK
9,10,1.0,0.0,1.0,0,True,546,geme546end10.png,OK
0,1,0.0,0.0,0.0,8,True,557,geme557end1.png,OK
1,2,1.0,0.0,1.0,7,True,557,geme557end2.png,OK
2,3,0.0,2.0,-2.0,6,False,557,geme557end3.png,OK
3,4,0.0,0.0,0.0,5,True,557,geme557end4.png,OK
4,5,0.0,2.0,-2.0,4,True,557,geme557end5.png,OK
5,6,0.0,1.0,-1.0,3,True,557,geme557end6.png,OK
6,7,2.0,0.0,2.0,2,True,557,geme557end7.png,OK
7,8,1.0,0.0,1.0,1,False,557,geme557end8.png,OK
8,9,2.0,0.0,2.0,0,False,557,geme557end9.png,OK
9,10,1.0,0.0,1.0,0,False,557,geme557end10.png,OK
0,1,1.0,0.0,1.0,8,True,569,geme569end1.png,OK
1,2,0.0,0.0,0.0,7,False,569,geme569end2.png,OK
2,3,0.0,2.0,-2.0,6,False,569,geme569end3.png,OK
3,4,1.0,0.0,1.0,5,True,569,geme569end4.png,OK
4,5,1.0,0.0,1.0,4,False,569,geme569end5.png,OK
5,6,1.0,0.0,1.0,3,False,569,geme569end6.png,OK
6,7,0.0,1.0,-1.0,2,False,569,geme569end7.png,OK
7,8,0.0,1.0,-1.0,1,True,569,geme569end8.png,OK
8,9,0.0,2.0,-2.0,0,True,569,geme569end9.png,OK
0,1,0.0,2.0,-2.0,8,False,580,geme580end1.png,OK
1,2,0.0,1.0,-1.0,7,True,580,geme580end2.png,OK
2,3,1.0,0.0,1.0,6,True,580,geme580end3.png,OK
3,4,0.0,1.0,-1.0,5,False,580,geme580end4.png,OK
4,5,1.0,0.0,1.0,4,True,580,geme580end5.png,OK
5,6,0.0,0.0,0.0,3,False,580,geme580end6.png,OK
6,7,0.0,2.0,-2.0,2,False,580,geme580end7.png,OK
7,8,1.0,0.0,1.0,1,True,580,geme580end8.png,OK
8,9,0.0,2.0,-2.0,0,False,580,geme580end9.png,OK
0,1,1.0,0.0,1.0,8,True,590,geme590end1.png,OK
1,2,0.0,0.0,0.0,7,False,590,geme590end2.png,OK
2,3,0.0,1.0,-1.0,6,False,590,geme590end3.png,OK
3,4,1.0,0.0,1.0,5,True,590,geme590end4.png,OK
4,5,0.0,2.0,-2.0,4,False,590,geme590end5.png,OK
5,6,3.0,0.0,3.0,3,True,590,geme590end6.png,OK
7,8,0.0,1.0,-1.0,1,False,590,geme590end8.png,OK
8,9,1.0,0.0,1.0,0,True,590,geme590end9.png,OK
0,1,0.0,0.0,0.0,8,True,600,geme600end1.png,OK
1,2,2.0,0.0,2.0,7,True,600,geme600end2.png,OK
2,3,0.0,2.0,-2.0,6,False,600,geme600end3.png,OK
3,4,1.0,0.0,1.0,5,True,600,geme600end4.png,OK
4,5,0.0,3.0,-3.0,4,False,600,geme600end5.png,OK
5,6,0.0,1.0,-1.0,3,True,600,geme600end6.png,OK
6,7,1.0,0.0,1.0,2,True,600,geme600end7.png,OK
7,8,0.0,1.0,-1.0,1,False,600,geme600end8.png,OK
8,9,0.0,4.0,-4.0,0,True,600,geme600end9.png,OK
0,1,0.0,0.0,0.0,8,False,611,geme611end1.png,OK
1,2,0.0,0.0,0.0,7,False,611,geme611end2.png,OK
2,3,0.0,0.0,0.0,6,False,611,geme611end3.png,OK
3,4,0.0,3.0,-3.0,5,False,611,geme611end4.png,OK
4,5,3.0,0.0,3.0,4,True,611,geme611end5.png,OK
5,6,0.0,0.0,0.0,3,False,611,geme611end6.png,OK
6,7,4.0,0.0,4.0,2,False,611,geme611end7.png,OK
7,8,0.0,1.0,-1.0,1,False,611,geme611end8.png,OK
8,9,1.0,0.0,1.0,0,True,611,geme611end9.png,OK
0,1,0.0,0.0,0.0,8,False,622,geme622end1.png,OK
1,2,0.0,3.0,-3.0,7,False,622,geme622end2.png,OK
2,3,0.0,3.0,-3.0,6,True,622,geme622end3.png,OK
3,4,1.0,0.0,1.0,5,True,622,geme622end4.png,OK
4,5,0.0,1.0,-1.0,4,False,622,geme622end5.png,OK
5,6,0.0,0.0,0.0,3,True,622,geme622end6.png,OK
6,7,0.0,1.0,-1.0,2,True,622,geme622end7.png,OK
0,1,0.0,0.0,0.0,8,False,633,geme633end1.png,OK
1,2,0.0,1.0,-1.0,7,False,633,geme633end2.png,OK
2,3,2.0,0.0,2.0,6,True,633,geme633end3.png,OK
3,4,0.0,1.0,-1.0,5,False,633,geme633end4.png,OK
4,5,1.0,0.0,1.0,4,True,633,geme633end5.png,OK
5,6,1.0,0.0,1.0,3,False,633,geme633end6.png,OK
6,7,0.0,3.0,-3.0,2,False,633,geme633end7.png,OK
7,8,0.0,1.0,-1.0,1,True,633,geme633end8.png,OK
8,9,2.0,0.0,2.0,0,True,633,geme633end9.png,OK
9,10,1.0,0.0,1.0,0,False,633,geme633end10.png,OK
0,1,2.0,0.0,2.0,8,True,646,geme646end1.png,OK
1,2,0.0,1.0,-1.0,7,False,646,geme646end2.png,OK
2,3,3.0,0.0,3.0,6,True,646,geme646end3.png,OK
3,4,0.0,1.0,-1.0,5,False,646,geme646end4.png,OK
4,5,0.0,2.0,-2.0,4,True,646,geme646end5.png,OK
5,6,2.0,0.0,2.0,3,True,646,geme646end6.png,OK
6,7,0.0,2.0,-2.0,2,False,646,geme646end7.png,OK
7,8,1.0,0.0,1.0,1,True,646,geme646end8.png,OK
8,9,1.0,0.0,1.0,0,False,646,geme646end9.png,OK
9,10,2.0,0.0,2.0,0,False,646,geme646end10.png,OK
0,1,3.0,0.0,3.0,8,True,657,geme657end1.png,OK
1,2,0.0,2.0,-2.0,7,False,657,geme657end2.png,OK
2,3,3.0,0.0,3.0,6,True,657,geme657end3.png,OK
3,4,0.0,1.0,-1.0,5,False,657,geme657end4.png,OK
4,5,1.0,0.0,1.0,4,True,657,geme657end5.png,OK
5,6,4.0,0.0,4.0,3,False,657,geme657end6.png,OK
0,1,0.0,0.0,0.0,8,True,665,geme665end1.png,OK
1,2,1.0,0.0,1.0,7,True,665,geme665end2.png,OK
2,3,0.0,2.0,-2.0,6,False,665,geme665end3.png,OK
3,4,2.0,0.0,2.0,5,True,665,geme665end4.png,OK
4,5,0.0,1.0,-1.0,4,False,665,geme665end5.png,OK
5,6,1.0,0.0,1.0,3,True,665,geme665end6.png,OK
6,7,0.0,1.0,-1.0,2,False,665,geme665end7.png,OK
7,8,0.0,0.0,0.0,1,True,665,geme665end8.png,OK
8,9,3.0,0.0,3.0,0,True,665,geme665end9.png,OK
9,10,0.0,3.0,-3.0,0,False,665,geme665end10.png,OK
10,11,1.0,0.0,1.0,0,True,665,geme665end11.png,OK
0,1,0.0,0.0,0.0,8,False,677,geme677end1.png,OK
1,2,2.0,0.0,2.0,7,False,677,geme677end2.png,OK
2,3,0.0,0.0,0.0,6,False,677,geme677end3.png,OK
3,4,0.0,2.0,-2.0,5,False,677,geme677end4.png,OK
4,5,2.0,0.0,2.0,4,True,677,geme677end5.png,OK
5,6,1.0,0.0,1.0,3,False,677,geme677end6.png,OK
6,7,0.0,2.0,-2.0,2,False,677,geme677end7.png,OK
7,8,0.0,1.0,-1.0,1,True,677,geme677end8.png,OK
8,9,1.0,0.0,1.0,0,True,677,geme677end9.png,OK
9,10,0.0,1.0,-1.0,0,False,677,geme677end10.png,OK
10,11,1.0,0.0,1.0,0,True,677,geme677end11.png,OK
0,1,1.0,0.0,1.0,8,True,689,geme689end1.png,OK
1,2,0.0,2.0,-2.0,7,False,689,geme689end2.png,OK
2,3,1.0,0.0,1.0,6,True,689,geme689end3.png,OK
3,4,0.0,3.0,-3.0,5,False,689,geme689end4.png,OK
4,5,1.0,0.0,1.0,4,True,689,geme689end5.png,OK
5,6,0.0,3.0,-3.0,3,False,689,geme689end6.png,OK
6,7,1.0,0.0,1.0,2,True,689,geme689end7.png,OK
0,1,1.0,0.0,1.0,8,False,697,geme697end1.png,OK
1,2,0.0,1.0,-1.0,7,False,697,geme697end2.png,OK
2,3,1.0,0.0,1.0,6,True,697,geme697end3.png,OK
3,4,0.0,0.0,0.0,5,False,697,geme697end4.png,OK
4,5,1.0,0.0,1.0,4,False,697,geme697end5.png,OK
5,6,2.0,0.0,2.0,3,False,697,geme697end6.png,OK
6,7,0.0,2.0,-2.0,2,False,697,geme697end7.png,OK
7,8,0.0,1.0,-1.0,1,True,697,geme697end8.png,OK
8,9,4.0,0.0,4.0,0,True,697,geme697end9.png,OK
0,1,1.0,0.0,1.0,8,True,708,geme708end1.png,OK
1,2,0.0,1.0,-1.0,7,False,708,geme708end2.png,OK
2,3,2.0,0.0,2.0,6,True,708,geme708end3.png,OK
3,4,1.0,0.0,1.0,5,False,708,geme708end4.png,OK
4,5,0.0,1.0,-1.0,4,False,708,geme708end5.png,OK
5,6,0.0,3.0,-3.0,3,True,708,geme708end6.png,OK
6,7,1.0,0.0,1.0,2,True,708,geme708end7.png,OK
7,8,2.0,0.0,2.0,1,False,708,geme708end8.png,OK
8,9,0.0,2.0,-2.0,0,False,708,geme708end9.png,OK
9,10,1.0,0.0,1.0,0,True,708,geme708end10.png,OK
0,1,0.0,1.0,-1.0,8,True,719,geme719end1.png,OK
1,2,0.0,1.0,-1.0,7,True,719,geme719end2.png,OK
2,3,0.0,1.0,-1.0,6,True,719,geme719end3.png,OK
3,4,1.0,0.0,1.0,5,True,719,geme719end4.png,OK
4,5,0.0,2.0,-2.0,4,False,719,geme719end5.png,OK
5,6,0.0,1.0,-1.0,3,True,719,geme719end6.png,OK
6,7,1.0,0.0,1.0,2,True,719,geme719end7.png,OK
7,8,0.0,1.0,-1.0,1,False,719,geme719end8.png,OK
0,1,0.0,0.0,0.0,8,False,728,geme728end1.png,OK
1,2,0.0,2.0,-2.0,7,False,728,geme728end2.png,OK
2,3,1.0,0.0,1.0,6,True,728,geme728end3.png,OK
3,4,0.0,1.0,-1.0,5,False,728,geme728end4.png,OK
4,5,1.0,0.0,1.0,4,True,728,geme728end5.png,OK
5,6,0.0,3.0,-3.0,3,False,728,geme728end6.png,OK
6,7,0.0,2.0,-2.0,2,True,728,geme728end7.png,OK
7,8,0.0,1.0,-1.0,1,True,728,geme728end8.png,OK
0,1,0.0,0.0,0.0,8,False,737,geme737end1.png,OK
1,2,0.0,2.0,-2.0,7,False,737,geme737end2.png,OK
2,3,0.0,3.0,-3.0,6,True,737,geme737end3.png,OK
3,4,0.0,0.0,0.0,5,True,737,geme737end4.png,OK
4,5,3.0,0.0,3.0,4,True,737,geme737end5.png,OK
5,6,0.0,2.0,-2.0,3,False,737,geme737end6.png,OK
6,7,3.0,0.0,3.0,2,True,737,geme737end7.png,OK
7,8,0.0,1.0,-1.0,1,False,737,geme737end8.png,OK
8,9,3.0,0.0,3.0,0,True,737,geme737end9.png,OK
0,1,4.0,0.0,4.0,8,True,749,geme749end1.png,OK
1,2,0.0,3.0,-3.0,7,False,749,geme749end2.png,OK
2,3,0.0,1.0,-1.0,6,True,749,geme749end3.png,OK
3,4,2.0,0.0,2.0,5,True,749,geme749end4.png,OK
4,5,1.0,0.0,1.0,4,False,749,geme749end5.png,OK
5,6,0.0,1.0,-1.0,3,False,749,geme749end6.png,OK
6,7,0.0,2.0,-2.0,2,True,749,geme749end7.png,OK
7,8,0.0,1.0,-1.0,1,True,749,geme749end8.png,OK
8,9,3.0,0.0,3.0,0,True,749,geme749end9.png,OK
9,10,1.0,0.0,1.0,0,False,749,geme749end10.png,OK
0,1,0.0,2.0,-2.0,8,True,760,geme760end1.png,OK
1,2,0.0,1.0,-1.0,7,True,760,geme760end2.png,OK
2,3,2.0,0.0,2.0,6,True,760,geme760end3.png,OK
3,4,0.0,0.0,0.0,5,False,760,geme760end4.png,OK
4,5,0.0,1.0,-1.0,4,False,760,geme760end5.png,OK
5,6,0.0,1.0,-1.0,3,True,760,geme760end6.png,OK
6,7,1.0,0.0,1.0,2,True,760,geme760end7.png,OK
7,8,1.0,0.0,1.0,1,False,760,geme760end8.png,OK
8,9,0.0,1.0,-1.0,0,False,760,geme760end9.png,OK
0,1,1.0,0.0,1.0,8,True,771,geme771end1.png,OK
1,2,0.0,2.0,-2.0,7,False,771,geme771end2.png,OK
2,3,0.0,2.0,-2.0,6,True,771,geme771end3.png,OK
3,4,0.0,2.0,-2.0,5,True,771,geme771end4.png,OK
4,5,0.0,4.0,-4.0,4,True,771,geme771end5.png,OK
5,6,0.0,2.0,-2.0,3,True,771,geme771end6.png,OK
0,1,1.0,0.0,1.0,8,False,778,geme778end1.png,OK
1,2,0.0,1.0,-1.0,7,False,778,geme778end2.png,OK
2,3,2.0,0.0,2.0,6,True,778,geme778end3.png,OK
3,4,0.0,1.0,-1.0,5,False,778,geme778end4.png,OK
4,5,0.0,0.0,0.0,4,True,778,geme778end5.png,OK
5,6,2.0,0.0,2.0,3,True,778,geme778end6.png,OK
6,7,0.0,2.0,-2.0,2,False,778,geme778end7.png,OK
7,8,0.0,1.0,-1.0,1,True,778,geme778end8.png,OK
8,9,1.0,0.0,1.0,0,True,778,geme778end9.png,OK
9,10,0.0,1.0,-1.0,0,False,778,geme778end10.png,OK
10,11,1.0,0.0,1.0,0,True,778,geme778end11.png,OK
0,1,2.0,0.0,2.0,8,False,791,geme791end1.png,OK
1,2,3.0,0.0,3.0,7,False,791,geme791end2.png,OK
2,3,0.0,1.0,-1.0,6,False,791,geme791end3.png,OK
3,4,2.0,0.0,2.0,5,True,791,geme791end4.png,OK
4,5,2.0,0.0,2.0,4,False,791,geme791end5.png,OK
5,6,0.0,1.0,-1.0,3,False,791,geme791end6.png,OK
0,1,0.0,0.0,0.0,8,True,798,geme798end1.png,OK
1,2,0.0,0.0,0.0,7,True,798,geme798end2.png,OK
2,3,2.0,0.0,2.0,6,True,798,geme798end3.png,OK
3,4,0.0,2.0,-2.0,5,False,798,geme798end4.png,OK
4,5,2.0,0.0,2.0,4,True,798,geme798end5.png,OK
5,6,3.0,0.0,3.0,3,False,798,geme798end6.png,OK
6,7,0.0,3.0,-3.0,2,False,798,geme798end7.png,OK
7,8,2.0,0.0,2.0,1,True,798,geme798end8.png,OK
8,9,0.0,1.0,-1.0,0,False,798,geme798end9.png,OK
0,1,0.0,2.0,-2.0,8,True,808,geme808end1.png,OK
1,2,1.0,0.0,1.0,7,True,808,geme808end2.png,OK
2,3,0.0,3.0,-3.0,6,False,808,geme808end3.png,OK
3,4,1.0,0.0,1.0,5,True,808,geme808end4.png,OK
4,5,0.0,0.0,0.0,4,False,808,geme808end5.png,OK
5,6,0.0,2.0,-2.0,3,False,808,geme808end6.png,OK
6,7,0.0,1.0,-1.0,2,True,808,geme808end7.png,OK
7,8,0.0,1.0,-1.0,1,True,808,geme808end8.png,OK
0,1,0.0,0.0,0.0,8,True,817,geme817end1.png,OK
1,2,1.0,0.0,1.0,7,True,817,geme817end2.png,OK
2,3,0.0,1.0,-1.0,6,False,817,geme817end3.png,OK
3,4,2.0,0.0,2.0,5,True,817,geme817end4.png,OK
4,5,0.0,2.0,-2.0,4,False,817,geme817end5.png,OK
5,6,0.0,0.0,0.0,3,True,817,geme817end6.png,OK
6,7,0.0,0.0,0.0,2,True,817,geme817end7.png,OK
7,8,1.0,0.0,1.0,1,True,817,geme817end8.png,OK
8,9,2.0,0.0,2.0,0,False,817,geme817end9.png,OK
9,10,0.0,3.0,-3.0,0,False,817,geme817end10.png,OK
