,ends,red,yellow,red_diff,remain_ends,last_stone_is_red,page,filepath,INFO
0,1,0.0,0.0,0.0,8,False,7,geme7end1.png,OK
1,2,0.0,1.0,-1.0,7,False,7,geme7end2.png,OK
2,3,0.0,0.0,0.0,6,True,7,geme7end3.png,OK
3,4,0.0,1.0,-1.0,5,True,7,geme7end4.png,OK
4,5,2.0,0.0,2.0,4,True,7,geme7end5.png,OK
5,6,0.0,0.0,0.0,3,False,7,geme7end6.png,OK
6,7,0.0,1.0,-1.0,2,False,7,geme7end7.png,OK
7,8,1.0,0.0,1.0,1,True,7,geme7end8.png,OK
8,9,0.0,1.0,-1.0,0,False,7,geme7end9.png,OK
9,10,0.0,2.0,-2.0,0,True,7,geme7end10.png,OK
0,1,2.0,0.0,2.0,8,True,24,geme24end1.png,OK
1,2,1.0,0.0,1.0,7,False,24,geme24end2.png,OK
2,3,0.0,1.0,-1.0,6,False,24,geme24end3.png,OK
3,4,2.0,0.0,2.0,5,True,24,geme24end4.png,OK
4,5,1.0,0.0,1.0,4,False,24,geme24end5.png,OK
5,6,0.0,2.0,-2.0,3,False,24,geme24end6.png,OK
6,7,2.0,0.0,2.0,2,True,24,geme24end7.png,OK
7,8,0.0,1.0,-1.0,1,False,24,geme24end8.png,OK
8,9,0.0,1.0,-1.0,0,True,24,geme24end9.png,OK
0,1,0.0,2.0,-2.0,8,False,38,geme38end1.png,OK
1,2,0.0,0.0,0.0,7,True,38,geme38end2.png,OK
2,3,2.0,0.0,2.0,6,True,38,geme38end3.png,OK
3,4,0.0,2.0,-2.0,5,False,38,geme38end4.png,OK
4,5,0.0,0.0,0.0,4,True,38,geme38end5.png,OK
5,6,1.0,0.0,1.0,3,True,38,geme38end6.png,OK
6,7,0.0,2.0,-2.0,2,False,38,geme38end7.png,OK
7,8,1.0,0.0,1.0,1,True,38,geme38end8.png,OK
8,9,0.0,2.0,-2.0,0,False,38,geme38end9.png,OK
0,1,1.0,0.0,1.0,8,True,49,geme49end1.png,OK
1,2,0.0,0.0,0.0,7,False,49,geme49end2.png,OK
2,3,0.0,2.0,-2.0,6,False,49,geme49end3.png,OK
3,4,3.0,0.0,3.0,5,True,49,geme49end4.png,OK
4,5,0.0,1.0,-1.0,4,False,49,geme49end5.png,OK
5,6,0.0,1.0,-1.0,3,True,49,geme49end6.png,OK
6,7,1.0,0.0,1.0,2,True,49,geme49end7.png,OK
7,8,0.0,1.0,-1.0,1,False,49,geme49end8.png,OK
8,9,3.0,0.0,3.0,0,True,49,geme49end9.png,OK
0,1,1.0,0.0,1.0,8,True,61,geme61end1.png,OK
1,2,0.0,1.0,-1.0,7,False,61,geme61end2.png,OK
2,3,0.0,0.0,0.0,6,True,61,geme61end3.png,OK
3,4,0.0,1.0,-1.0,5,True,61,geme61end4.png,OK
4,5,1.0,0.0,1.0,4,True,61,geme61end5.png,OK
5,6,1.0,0.0,1.0,3,False,61,geme61end6.png,OK
6,7,0.0,1.0,-1.0,2,False,61,geme61end7.png,OK
7,8,1.0,0.0,1.0,1,True,61,geme61end8.png,OK
8,9,0.0,0.0,0.0,0,False,61,geme61end9.png,OK
9,10,0.0,1.0,-1.0,0,False,61,geme61end10.png,OK
0,1,0.0,0.0,0.0,8,True,73,geme73end1.png,OK
1,2,0.0,1.0,-1.0,7,True,73,geme73end2.png,OK
2,3,0.0,1.0,-1.0,6,True,73,geme73end3.png,OK
3,4,0.0,0.0,0.0,5,True,73,geme73end4.png,OK
4,5,0.0,0.0,0.0,4,True,73,geme73end5.png,OK
5,6,2.0,0.0,2.0,3,True,73,geme73end6.png,OK
6,7,0.0,0.0,0.0,2,False,73,geme73end7.png,OK
7,8,0.0,1.0,-1.0,1,False,73,geme73end8.png,OK
8,9,1.0,0.0,1.0,0,True,73,geme73end9.png,OK
9,10,0.0,1.0,-1.0,0,False,73,geme73end10.png,OK
0,1,0.0,2.0,-2.0,8,False,105,geme105end1.png,OK
1,2,1.0,0.0,1.0,7,True,105,geme105end2.png,OK
2,3,0.0,1.0,-1.0,6,False,105,geme105end3.png,OK
3,4,1.0,0.0,1.0,5,True,105,geme105end4.png,OK
4,5,0.0,3.0,-3.0,4,False,105,geme105end5.png,OK
5,6,3.0,0.0,3.0,3,True,105,geme105end6.png,OK
6,7,0.0,1.0,-1.0,2,False,105,geme105end7.png,OK
7,8,0.0,1.0,-1.0,1,True,105,geme105end8.png,OK
8,9,2.0,0.0,2.0,0,True,105,geme105end9.png,OK
9,10,0.0,2.0,-2.0,0,False,105,geme105end10.png,OK
0,1,0.0,2.0,-2.0,8,False,116,geme116end1.png,OK
1,2,2.0,0.0,2.0,7,True,116,geme116end2.png,OK
2,3,0.0,1.0,-1.0,6,False,116,geme116end3.png,OK
3,4,1.0,0.0,1.0,5,True,116,geme116end4.png,OK
4,5,0.0,0.0,0.0,4,False,116,geme116end5.png,OK
5,6,0.0,2.0,-2.0,3,False,116,geme116end6.png,OK
6,7,0.0,1.0,-1.0,2,True,116,geme116end7.png,OK
7,8,1.0,0.0,1.0,1,True,116,geme116end8.png,OK
8,9,0.0,3.0,-3.0,0,False,116,geme116end9.png,OK
0,1,0.0,0.0,0.0,8,True,126,geme126end1.png,OK
1,2,0.0,0.0,0.0,7,True,126,geme126end2.png,OK
2,3,2.0,0.0,2.0,6,True,126,geme126end3.png,OK
3,4,0.0,0.0,0.0,5,False,126,geme126end4.png,OK
4,5,0.0,1.0,-1.0,4,False,126,geme126end5.png,OK
5,6,1.0,0.0,1.0,3,True,126,geme126end6.png,OK
6,7,0.0,1.0,-1.0,2,False,126,geme126end7.png,OK
7,8,2.0,0.0,2.0,1,True,126,geme126end8.png,OK
8,9,0.0,1.0,-1.0,0,False,126,geme126end9.png,OK
9,10,1.0,0.0,1.0,0,True,126,geme126end10.png,OK
0,1,0.0,0.0,0.0,8,True,137,geme137end1.png,OK
1,2,1.0,0.0,1.0,7,True,137,geme137end2.png,OK
2,3,0.0,2.0,-2.0,6,False,137,geme137end3.png,OK
3,4,1.0,0.0,1.0,5,True,137,geme137end4.png,OK
4,5,0.0,0.0,0.0,4,False,137,geme137end5.png,OK
5,6,0.0,0.0,0.0,3,False,137,geme137end6.png,OK
6,7,0.0,1.0,-1.0,2,False,137,geme137end7.png,OK
7,8,1.0,0.0,1.0,1,True,137,geme137end8.png,OK
8,9,0.0,0.0,0.0,0,False,137,geme137end9.png,OK
9,10,0.0,2.0,-2.0,0,False,137,geme137end10.png,OK
0,1,1.0,0.0,1.0,8,True,149,geme149end1.png,OK
1,2,0.0,2.0,-2.0,7,False,149,geme149end2.png,OK
2,3,3.0,0.0,3.0,6,True,149,geme149end3.png,OK
3,4,0.0,1.0,-1.0,5,False,149,geme149end4.png,OK
4,5,3.0,0.0,3.0,4,True,149,geme149end5.png,OK
5,6,0.0,1.0,-1.0,3,False,149,geme149end6.png,OK
6,7,0.0,1.0,-1.0,2,True,149,geme149end7.png,OK
7,8,4.0,0.0,4.0,1,True,149,geme149end8.png,OK
0,1,0.0,0.0,0.0,8,False,158,geme158end1.png,OK
1,2,0.0,1.0,-1.0,7,False,158,geme158end2.png,OK
2,3,2.0,0.0,2.0,6,True,158,geme158end3.png,OK
3,4,1.0,0.0,1.0,5,False,158,geme158end4.png,OK
4,5,0.0,3.0,-3.0,4,False,158,geme158end5.png,OK
5,6,1.0,0.0,1.0,3,True,158,geme158end6.png,OK
6,7,0.0,2.0,-2.0,2,False,158,geme158end7.png,OK
7,8,2.0,0.0,2.0,1,True,158,geme158end8.png,OK
8,9,0.0,2.0,-2.0,0,False,158,geme158end9.png,OK
9,10,0.0,2.0,-2.0,0,True,158,geme158end10.png,OK
0,1,0.0,1.0,-1.0,8,False,169,geme169end1.png,OK
1,2,1.0,0.0,1.0,7,True,169,geme169end2.png,OK
2,3,0.0,0.0,0.0,6,False,169,geme169end3.png,OK
3,4,0.0,3.0,-3.0,5,False,169,geme169end4.png,OK
4,5,1.0,0.0,1.0,4,True,169,geme169end5.png,OK
5,6,0.0,1.0,-1.0,3,False,169,geme169end6.png,OK
6,7,1.0,0.0,1.0,2,True,169,geme169end7.png,OK
7,8,0.0,1.0,-1.0,1,False,169,geme169end8.png,OK
8,9,0.0,1.0,-1.0,0,True,169,geme169end9.png,OK
0,1,0.0,1.0,-1.0,8,True,179,geme179end1.png,OK
1,2,2.0,0.0,2.0,7,True,179,geme179end2.png,OK
2,3,0.0,2.0,-2.0,6,False,179,geme179end3.png,OK
3,4,1.0,0.0,1.0,5,True,179,geme179end4.png,OK
4,5,0.0,0.0,0.0,4,False,179,geme179end5.png,OK
5,6,0.0,4.0,-4.0,3,False,179,geme179end6.png,OK
6,7,1.0,0.0,1.0,2,True,179,geme179end7.png,OK
7,8,0.0,0.0,0.0,1,False,179,geme179end8.png,OK
8,9,1.0,0.0,1.0,0,False,179,geme179end9.png,OK
0,1,2.0,0.0,2.0,8,True,191,geme191end1.png,OK
1,2,1.0,0.0,1.0,7,False,191,geme191end2.png,OK
2,3,1.0,0.0,1.0,6,False,191,geme191end3.png,OK
3,4,0.0,1.0,-1.0,5,False,191,geme191end4.png,OK
4,5,0.0,0.0,0.0,4,True,191,geme191end5.png,OK
5,6,1.0,0.0,1.0,3,True,191,geme191end6.png,OK
6,7,2.0,0.0,2.0,2,False,191,geme191end7.png,OK
0,1,0.0,0.0,0.0,8,True,199,geme199end1.png,OK
1,2,1.0,0.0,1.0,7,True,199,geme199end2.png,OK
2,3,0.0,1.0,-1.0,6,False,199,geme199end3.png,OK
3,4,3.0,0.0,3.0,5,True,199,geme199end4.png,OK
4,5,0.0,1.0,-1.0,4,False,199,geme199end5.png,OK
5,6,1.0,0.0,1.0,3,True,199,geme199end6.png,OK
6,7,0.0,2.0,-2.0,2,False,199,geme199end7.png,OK
7,8,1.0,0.0,1.0,1,True,199,geme199end8.png,OK
8,9,0.0,2.0,-2.0,0,False,199,geme199end9.png,OK
9,10,1.0,0.0,1.0,0,True,199,geme199end10.png,OK
0,1,0.0,1.0,-1.0,8,False,210,geme210end1.png,OK
1,2,0.0,3.0,-3.0,7,True,210,geme210end2.png,OK
2,3,1.0,0.0,1.0,6,True,210,geme210end3.png,OK
3,4,0.0,1.0,-1.0,5,False,210,geme210end4.png,OK
4,5,2.0,0.0,2.0,4,True,210,geme210end5.png,OK
5,6,0.0,1.0,-1.0,3,False,210,geme210end6.png,OK
6,7,1.0,0.0,1.0,2,True,210,geme210end7.png,OK
7,8,0.0,4.0,-4.0,1,False,210,geme210end8.png,OK
0,1,0.0,0.0,0.0,8,False,219,geme219end1.png,OK
1,2,0.0,2.0,-2.0,7,False,219,geme219end2.png,OK
2,3,0.0,0.0,0.0,6,True,219,geme219end3.png,OK
3,4,1.0,0.0,1.0,5,True,219,geme219end4.png,OK
4,5,0.0,0.0,0.0,4,False,219,geme219end5.png,OK
5,6,0.0,1.0,-1.0,3,False,219,geme219end6.png,OK
6,7,1.0,0.0,1.0,2,True,219,geme219end7.png,OK
7,8,1.0,0.0,1.0,1,False,219,geme219end8.png,OK
8,9,0.0,2.0,-2.0,0,False,219,geme219end9.png,OK
9,10,2.0,0.0,2.0,0,True,219,geme219end10.png,OK
0,1,0.0,1.0,-1.0,8,False,232,geme232end1.png,OK
1,2,0.0,0.0,0.0,7,True,232,geme232end2.png,OK
2,3,2.0,0.0,2.0,6,True,232,geme232end3.png,OK
3,4,0.0,0.0,0.0,5,False,232,geme232end4.png,OK
4,5,0.0,0.0,0.0,4,False,232,geme232end5.png,OK
5,6,0.0,2.0,-2.0,3,False,232,geme232end6.png,OK
7,8,0.0,3.0,-3.0,1,False,232,geme232end8.png,OK
8,9,2.0,0.0,2.0,0,True,232,geme232end9.png,OK
9,10,0.0,1.0,-1.0,0,False,232,geme232end10.png,OK
0,1,0.0,1.0,-1.0,8,True,243,geme243end1.png,OK
1,2,1.0,0.0,1.0,7,True,243,geme243end2.png,OK
2,3,2.0,0.0,2.0,6,False,243,geme243end3.png,OK
3,4,1.0,0.0,1.0,5,False,243,geme243end4.png,OK
4,5,2.0,0.0,2.0,4,False,243,geme243end5.png,OK
5,6,2.0,0.0,2.0,3,False,243,geme243end6.png,OK
0,1,0.0,1.0,-1.0,8,True,250,geme250end1.png,OK
1,2,1.0,0.0,1.0,7,True,250,geme250end2.png,OK
2,3,2.0,0.0,2.0,6,False,250,geme250end3.png,OK
3,4,0.0,1.0,-1.0,5,False,250,geme250end4.png,OK
4,5,2.0,0.0,2.0,4,True,250,geme250end5.png,OK
5,6,0.0,1.0,-1.0,3,False,250,geme250end6.png,OK
6,7,0.0,0.0,0.0,2,True,250,geme250end7.png,OK
7,8,1.0,0.0,1.0,1,True,250,geme250end8.png,OK
8,9,1.0,0.0,1.0,0,False,250,geme250end9.png,OK
0,1,1.0,0.0,1.0,8,True,260,geme260end1.png,OK
1,2,0.0,2.0,-2.0,7,False,260,geme260end2.png,OK
2,3,0.0,1.0,-1.0,6,True,260,geme260end3.png,OK
3,4,0.0,0.0,0.0,5,True,260,geme260end4.png,OK
4,5,1.0,0.0,1.0,4,True,260,geme260end5.png,OK
5,6,0.0,2.0,-2.0,3,False,260,geme260end6.png,OK
6,7,1.0,0.0,1.0,2,True,260,geme260end7.png,OK
7,8,1.0,0.0,1.0,1,False,260,geme260end8.png,OK
8,9,0.0,1.0,-1.0,0,False,260,geme260end9.png,OK
0,1,3.0,0.0,3.0,8,True,272,geme272end1.png,OK
1,2,1.0,0.0,1.0,7,False,272,geme272end2.png,OK
2,3,0.0,2.0,-2.0,6,False,272,geme272end3.png,OK
3,4,2.0,0.0,2.0,5,True,272,geme272end4.png,OK
4,5,0.0,1.0,-1.0,4,False,272,geme272end5.png,OK
5,6,1.0,0.0,1.0,3,True,272,geme272end6.png,OK
6,7,0.0,1.0,-1.0,2,False,272,geme272end7.png,OK
7,8,0.0,1.0,-1.0,1,True,272,geme272end8.png,OK
8,9,0.0,2.0,-2.0,0,True,272,geme272end9.png,OK
0,1,0.0,1.0,-1.0,8,False,283,geme283end1.png,OK
1,2,2.0,0.0,2.0,7,True,283,geme283end2.png,OK
2,3,0.0,0.0,0.0,6,False,283,geme283end3.png,OK
3,4,0.0,0.0,0.0,5,False,283,geme283end4.png,OK
4,5,1.0,0.0,1.0,4,False,283,geme283end5.png,OK
5,6,0.0,2.0,-2.0,3,False,283,geme283end6.png,OK
6,7,0.0,0.0,0.0,2,True,283,geme283end7.png,OK
7,8,0.0,2.0,-2.0,1,True,283,geme283end8.png,OK
8,9,2.0,0.0,2.0,0,True,283,geme283end9.png,OK
0,1,1.0,0.0,1.0,8,False,294,geme294end1.png,OK
1,2,2.0,0.0,2.0,7,False,294,geme294end2.png,OK
2,3,0.0,0.0,0.0,6,False,294,geme294end3.png,OK
3,4,2.0,0.0,2.0,5,False,294,geme294end4.png,OK
4,5,0.0,2.0,-2.0,4,False,294,geme294end5.png,OK
5,6,2.0,0.0,2.0,3,True,294,geme294end6.png,OK
6,7,0.0,1.0,-1.0,2,False,294,geme294end7.png,OK
7,8,1.0,0.0,1.0,1,True,294,geme294end8.png,OK
0,1,0.0,0.0,0.0,8,False,303,geme303end1.png,OK
1,2,0.0,0.0,0.0,7,False,303,geme303end2.png,OK
2,3,0.0,1.0,-1.0,6,False,303,geme303end3.png,OK
3,4,1.0,0.0,1.0,5,True,303,geme303end4.png,OK
4,5,0.0,0.0,0.0,4,False,303,geme303end5.png,OK
5,6,0.0,1.0,-1.0,3,False,303,geme303end6.png,OK
6,7,0.0,1.0,-1.0,2,True,303,geme303end7.png,OK
7,8,1.0,0.0,1.0,1,True,303,geme303end8.png,OK
8,9,0.0,1.0,-1.0,0,False,303,geme303end9.png,OK
9,10,0.0,1.0,-1.0,0,True,303,geme303end10.png,OK
0,1,0.0,0.0,0.0,8,True,315,geme315end1.png,OK
1,2,0.0,0.0,0.0,7,True,315,geme315end2.png,OK
2,3,0.0,1.0,-1.0,6,True,315,geme315end3.png,OK
3,4,1.0,0.0,1.0,5,True,315,geme315end4.png,OK
4,5,0.0,0.0,0.0,4,False,315,geme315end5.png,OK
5,6,0.0,0.0,0.0,3,False,315,geme315end6.png,OK
6,7,0.0,0.0,0.0,2,False,315,geme315end7.png,OK
7,8,0.0,0.0,0.0,1,False,315,geme315end8.png,OK
8,9,0.0,5.0,-5.0,0,False,315,geme315end9.png,OK
0,1,0.0,1.0,-1.0,8,False,325,geme325end1.png,OK
1,2,0.0,0.0,0.0,7,True,325,geme325end2.png,OK
2,3,0.0,1.0,-1.0,6,True,325,geme325end3.png,OK
3,4,0.0,1.0,-1.0,5,True,325,geme325end4.png,OK
4,5,0.0,2.0,-2.0,4,True,325,geme325end5.png,OK
5,6,0.0,1.0,-1.0,3,True,325,geme325end6.png,OK
6,7,3.0,0.0,3.0,2,True,325,geme325end7.png,OK
7,8,0.0,2.0,-2.0,1,False,325,geme325end8.png,OK
0,1,0.0,0.0,0.0,8,True,334,geme334end1.png,OK
1,2,0.0,0.0,0.0,7,True,334,geme334end2.png,OK
2,3,1.0,0.0,1.0,6,True,334,geme334end3.png,OK
3,4,0.0,1.0,-1.0,5,False,334,geme334end4.png,OK
4,5,3.0,0.0,3.0,4,True,334,geme334end5.png,OK
5,6,0.0,1.0,-1.0,3,False,334,geme334end6.png,OK
6,7,2.0,0.0,2.0,2,True,334,geme334end7.png,OK
7,8,0.0,2.0,-2.0,1,False,334,geme334end8.png,OK
8,9,1.0,0.0,1.0,0,True,334,geme334end9.png,OK
0,1,2.0,0.0,2.0,8,True,345,geme345end1.png,OK
1,2,0.0,2.0,-2.0,7,False,345,geme345end2.png,OK
2,3,2.0,0.0,2.0,6,True,345,geme345end3.png,OK
3,4,0.0,2.0,-2.0,5,False,345,geme345end4.png,OK
4,5,1.0,0.0,1.0,4,True,345,geme345end5.png,OK
5,6,0.0,1.0,-1.0,3,False,345,geme345end6.png,OK
6,7,2.0,0.0,2.0,2,True,345,geme345end7.png,OK
7,8,0.0,1.0,-1.0,1,False,345,geme345end8.png,OK
8,9,2.0,0.0,2.0,0,True,345,geme345end9.png,OK
0,1,0.0,1.0,-1.0,8,False,357,geme357end1.png,OK
1,2,1.0,0.0,1.0,7,True,357,geme357end2.png,OK
2,3,0.0,3.0,-3.0,6,False,357,geme357end3.png,OK
3,4,0.0,2.0,-2.0,5,True,357,geme357end4.png,OK
4,5,2.0,0.0,2.0,4,True,357,geme357end5.png,OK
5,6,1.0,0.0,1.0,3,False,357,geme357end6.png,OK
6,7,0.0,0.0,0.0,2,False,357,geme357end7.png,OK
7,8,0.0,2.0,-2.0,1,False,357,geme357end8.png,OK
8,9,1.0,0.0,1.0,0,True,357,geme357end9.png,OK
0,1,0.0,0.0,0.0,8,True,368,geme368end1.png,OK
1,2,0.0,1.0,-1.0,7,True,368,geme368end2.png,OK
2,3,0.0,0.0,0.0,6,True,368,geme368end3.png,OK
3,4,1.0,0.0,1.0,5,True,368,geme368end4.png,OK
4,5,0.0,2.0,-2.0,4,False,368,geme368end5.png,OK
5,6,1.0,0.0,1.0,3,True,368,geme368end6.png,OK
6,7,0.0,3.0,-3.0,2,False,368,geme368end7.png,OK
7,8,1.0,0.0,1.0,1,True,368,geme368end8.png,OK
8,9,0.0,2.0,-2.0,0,False,368,geme368end9.png,OK
0,1,0.0,1.0,-1.0,8,False,378,geme378end1.png,OK
1,2,0.0,1.0,-1.0,7,True,378,geme378end2.png,OK
2,3,3.0,0.0,3.0,6,True,378,geme378end3.png,OK
3,4,0.0,3.0,-3.0,5,False,378,geme378end4.png,OK
4,5,1.0,0.0,1.0,4,True,378,geme378end5.png,OK
5,6,0.0,1.0,-1.0,3,False,378,geme378end6.png,OK
6,7,2.0,0.0,2.0,2,True,378,geme378end7.png,OK
7,8,0.0,1.0,-1.0,1,False,378,geme378end8.png,OK
8,9,0.0,2.0,-2.0,0,True,378,geme378end9.png,OK
0,1,1.0,0.0,1.0,8,True,389,geme389end1.png,OK
1,2,1.0,0.0,1.0,7,False,389,geme389end2.png,OK
2,3,0.0,2.0,-2.0,6,False,389,geme389end3.png,OK
3,4,0.0,0.0,0.0,5,True,389,geme389end4.png,OK
4,5,1.0,0.0,1.0,4,True,389,geme389end5.png,OK
5,6,0.0,2.0,-2.0,3,False,389,geme389end6.png,OK
6,7,2.0,0.0,2.0,2,True,389,geme389end7.png,OK
7,8,0.0,1.0,-1.0,1,False,389,geme389end8.png,OK
8,9,1.0,0.0,1.0,0,True,389,geme389end9.png,OK
0,1,1.0,0.0,1.0,8,True,401,geme401end1.png,OK
1,2,0.0,0.0,0.0,7,False,401,geme401end2.png,OK
2,3,0.0,1.0,-1.0,6,False,401,geme401end3.png,OK
3,4,0.0,1.0,-1.0,5,True,401,geme401end4.png,OK
4,5,1.0,0.0,1.0,4,True,401,geme401end5.png,OK
5,6,0.0,2.0,-2.0,3,False,401,geme401end6.png,OK
6,7,1.0,0.0,1.0,2,True,401,geme401end7.png,OK
7,8,0.0,4.0,-4.0,1,False,401,geme401end8.png,OK
0,1,0.0,3.0,-3.0,8,True,410,geme410end1.png,OK
1,2,2.0,0.0,2.0,7,True,410,geme410end2.png,OK
2,3,0.0,2.0,-2.0,6,False,410,geme410end3.png,OK
3,4,2.0,0.0,2.0,5,True,410,geme410end4.png,OK
4,5,0.0,1.0,-1.0,4,False,410,geme410end5.png,OK
5,6,1.0,0.0,1.0,3,True,410,geme410end6.png,OK
6,7,0.0,1.0,-1.0,2,False,410,geme410end7.png,OK
7,8,2.0,0.0,2.0,1,True,410,geme410end8.png,OK
8,9,0.0,0.0,0.0,0,False,410,geme410end9.png,OK
9,10,1.0,0.0,1.0,0,False,410,geme410end10.png,OK
0,1,0.0,0.0,0.0,8,False,421,geme421end1.png,OK
1,2,1.0,0.0,1.0,7,False,421,geme421end2.png,OK
2,3,0.0,2.0,-2.0,6,False,421,geme421end3.png,OK
3,4,2.0,0.0,2.0,5,True,421,geme421end4.png,OK
4,5,0.0,2.0,-2.0,4,False,421,geme421end5.png,OK
5,6,1.0,0.0,1.0,3,True,421,geme421end6.png,OK
6,7,0.0,2.0,-2.0,2,False,421,geme421end7.png,OK
7,8,1.0,0.0,1.0,1,True,421,geme421end8.png,OK
8,9,0.0,1.0,-1.0,0,False,421,geme421end9.png,OK
0,1,0.0,0.0,0.0,8,True,432,geme432end1.png,OK
1,2,1.0,0.0,1.0,7,True,432,geme432end2.png,OK
2,3,0.0,1.0,-1.0,6,False,432,geme432end3.png,OK
3,4,1.0,0.0,1.0,5,True,432,geme432end4.png,OK
4,5,0.0,2.0,-2.0,4,False,432,geme432end5.png,OK
5,6,1.0,0.0,1.0,3,True,432,geme432end6.png,OK
6,7,0.0,1.0,-1.0,2,False,432,geme432end7.png,OK
7,8,0.0,1.0,-1.0,1,True,432,geme432end8.png,OK
8,9,0.0,1.0,-1.0,0,True,432,geme432end9.png,OK
9,10,0.0,1.0,-1.0,0,True,432,geme432end10.png,OK
0,1,0.0,0.0,0.0,8,False,444,geme444end1.png,OK
1,2,0.0,0.0,0.0,7,False,444,geme444end2.png,OK
2,3,0.0,1.0,-1.0,6,False,444,geme444end3.png,OK
3,4,1.0,0.0,1.0,5,True,444,geme444end4.png,OK
4,5,0.0,2.0,-2.0,4,False,444,geme444end5.png,OK
5,6,2.0,0.0,2.0,3,True,444,geme444end6.png,OK
6,7,2.0,0.0,2.0,2,False,444,geme444end7.png,OK
7,8,0.0,1.0,-1.0,1,False,444,geme444end8.png,OK
8,9,0.0,1.0,-1.0,0,True,444,geme444end9.png,OK
9,10,1.0,0.0,1.0,0,True,444,geme444end10.png,OK
0,1,0.0,0.0,0.0,8,False,455,geme455end1.png,OK
1,2,0.0,0.0,0.0,7,False,455,geme455end2.png,OK
2,3,0.0,2.0,-2.0,6,False,455,geme455end3.png,OK
3,4,0.0,0.0,0.0,5,True,455,geme455end4.png,OK
4,5,1.0,0.0,1.0,4,True,455,geme455end5.png,OK
5,6,0.0,3.0,-3.0,3,False,455,geme455end6.png,OK
6,7,0.0,0.0,0.0,2,True,455,geme455end7.png,OK
7,8,1.0,0.0,1.0,1,True,455,geme455end8.png,OK
8,9,1.0,0.0,1.0,0,False,455,geme455end9.png,OK
9,10,0.0,1.0,-1.0,0,False,455,geme455end10.png,OK
0,1,0.0,0.0,0.0,8,True,466,geme466end1.png,OK
1,2,1.0,0.0,1.0,7,True,466,geme466end2.png,OK
2,3,0.0,3.0,-3.0,6,False,466,geme466end3.png,OK
3,4,1.0,0.0,1.0,5,True,466,geme466end4.png,OK
4,5,1.0,0.0,1.0,4,False,466,geme466end5.png,OK
5,6,0.0,2.0,-2.0,3,False,466,geme466end6.png,OK
6,7,1.0,0.0,1.0,2,True,466,geme466end7.png,OK
7,8,2.0,0.0,2.0,1,False,466,geme466end8.png,OK
8,9,0.0,1.0,-1.0,0,False,466,geme466end9.png,OK
9,10,0.0,1.0,-1.0,0,True,466,geme466end10.png,OK
0,1,0.0,1.0,-1.0,8,True,477,geme477end1.png,OK
1,2,2.0,0.0,2.0,7,True,477,geme477end2.png,OK
2,3,1.0,0.0,1.0,6,False,477,geme477end3.png,OK
3,4,1.0,0.0,1.0,5,False,477,geme477end4.png,OK
4,5,1.0,0.0,1.0,4,False,477,geme477end5.png,OK
5,6,4.0,0.0,4.0,3,False,477,geme477end6.png,OK
0,1,1.0,0.0,1.0,8,True,485,geme485end1.png,OK
1,2,0.0,0.0,0.0,7,False,485,geme485end2.png,OK
2,3,0.0,0.0,0.0,6,False,485,geme485end3.png,OK
3,4,0.0,1.0,-1.0,5,False,485,geme485end4.png,OK
4,5,2.0,0.0,2.0,4,True,485,geme485end5.png,OK
5,6,1.0,0.0,1.0,3,False,485,geme485end6.png,OK
6,7,0.0,1.0,-1.0,2,False,485,geme485end7.png,OK
7,8,0.0,1.0,-1.0,1,True,485,geme485end8.png,OK
8,9,0.0,1.0,-1.0,0,True,485,geme485end9.png,OK
0,1,0.0,2.0,-2.0,8,False,496,geme496end1.png,OK
1,2,2.0,0.0,2.0,7,True,496,geme496end2.png,OK
2,3,0.0,3.0,-3.0,6,False,496,geme496end3.png,OK
3,4,1.0,0.0,1.0,5,True,496,geme496end4.png,OK
4,5,0.0,1.0,-1.0,4,False,496,geme496end5.png,OK
5,6,1.0,0.0,1.0,3,True,496,geme496end6.png,OK
6,7,0.0,2.0,-2.0,2,False,496,geme496end7.png,OK
7,8,0.0,2.0,-2.0,1,True,496,geme496end8.png,OK
0,1,0.0,0.0,0.0,8,True,505,geme505end1.png,OK
1,2,3.0,0.0,3.0,7,True,505,geme505end2.png,OK
2,3,0.0,1.0,-1.0,6,False,505,geme505end3.png,OK
3,4,1.0,0.0,1.0,5,True,505,geme505end4.png,OK
4,5,0.0,2.0,-2.0,4,False,505,geme505end5.png,OK
5,6,0.0,1.0,-1.0,3,True,505,geme505end6.png,OK
7,8,0.0,1.0,-1.0,1,False,505,geme505end8.png,OK
8,9,1.0,0.0,1.0,0,True,505,geme505end9.png,OK
9,10,0.0,1.0,-1.0,0,False,505,geme505end10.png,OK
0,1,2.0,0.0,2.0,8,True,516,geme516end1.png,OK
1,2,1.0,0.0,1.0,7,False,516,geme516end2.png,OK
2,3,0.0,1.0,-1.0,6,False,516,geme516end3.png,OK
3,4,1.0,0.0,1.0,5,True,516,geme516end4.png,OK
4,5,0.0,1.0,-1.0,4,False,516,geme516end5.png,OK
5,6,3.0,0.0,3.0,3,True,516,geme516end6.png,OK
0,1,0.0,2.0,-2.0,8,False,524,geme524end1.png,OK
1,2,0.0,1.0,-1.0,7,True,524,geme524end2.png,OK
2,3,1.0,0.0,1.0,6,True,524,geme524end3.png,OK
3,4,0.0,2.0,-2.0,5,False,524,geme524end4.png,OK
4,5,2.0,0.0,2.0,4,True,524,geme524end5.png,OK
5,6,0.0,1.0,-1.0,3,False,524,geme524end6.png,OK
6,7,1.0,0.0,1.0,2,True,524,geme524end7.png,OK
7,8,0.0,3.0,-3.0,1,False,524,geme524end8.png,OK
8,9,2.0,0.0,2.0,0,True,524,geme524end9.png,OK
0,1,1.0,0.0,1.0,8,True,535,geme535end1.png,OK
1,2,0.0,2.0,-2.0,7,False,535,geme535end2.png,OK
2,3,0.0,0.0,0.0,6,True,535,geme535end3.png,OK
3,4,0.0,0.0,0.0,5,True,535,geme535end4.png,OK
4,5,0.0,1.0,-1.0,4,True,535,geme535end5.png,OK
5,6,0.0,0.0,0.0,3,True,535,geme535end6.png,OK
6,7,1.0,0.0,1.0,2,True,535,geme535end7.png,OK
7,8,0.0,0.0,0.0,1,False,535,geme535end8.png,OK
8,9,0.0,0.0,0.0,0,False,535,geme535end9.png,OK
9,10,0.0,1.0,-1.0,0,False,535,geme535end10.png,OK
0,1,2.0,0.0,2.0,8,True,546,geme546end1.png,OK
1,2,0.0,2.0,-2.0,7,False,546,geme546end2.png,OK
2,3,2.0,0.0,2.0,6,True,546,geme546end3.png,OK
3,4,0.0,0.0,0.0,5,False,546,geme546end4.png,OK
4,5,0.0,3.0,-3.0,4,False,546,geme546end5.png,OK
5,6,0.0,1.0,-1.0,3,True,546,geme546end6.png,OK
6,7,0.0,0.0,0.0,2,True,546,geme546end7.png,OK
7,8,1.0,0.0,1.0,1,True,546,geme546end8.png,OK
8,9,1.0,0.0,1.0,0,False,546,geme546end9.png,OK
0,1,0.0,0.0,0.0,8,False,557,geme557end1.png,OK
1,2,0.0,1.0,-1.0,7,False,557,geme557end2.png,OK
2,3,0.0,1.0,-1.0,6,True,557,geme557end3.png,OK
3,4,2.0,0.0,2.0,5,True,557,geme557end4.png,OK
4,5,0.0,2.0,-2.0,4,False,557,geme557end5.png,OK
5,6,2.0,0.0,2.0,3,True,557,geme557end6.png,OK
6,7,0.0,0.0,0.0,2,False,557,geme557end7.png,OK
7,8,0.0,1.0,-1.0,1,False,557,geme557end8.png,OK
8,9,0.0,2.0,-2.0,0,True,557,geme557end9.png,OK
0,1,0.0,0.0,0.0,8,False,569,geme569end1.png,OK
1,2,0.0,1.0,-1.0,7,False,569,geme569end2.png,OK
2,3,2.0,0.0,2.0,6,True,569,geme569end3.png,OK
3,4,0.0,0.0,0.0,5,False,569,geme569end4.png,OK
4,5,0.0,2.0,-2.0,4,False,569,geme569end5.png,OK
5,6,1.0,0.0,1.0,3,True,569,geme569end6.png,OK
6,7,0.0,2.0,-2.0,2,False,569,geme569end7.png,OK
7,8,1.0,0.0,1.0,1,True,569,geme569end8.png,OK
8,9,0.0,2.0,-2.0,0,False,569,geme569end9.png,OK
0,1,0.0,1.0,-1.0,8,False,580,geme580end1.png,OK
1,2,0.0,1.0,-1.0,7,True,580,geme580end2.png,OK
2,3,0.0,1.0,-1.0,6,True,580,geme580end3.png,OK
3,4,1.0,0.0,1.0,5,True,580,geme580end4.png,OK
4,5,0.0,3.0,-3.0,4,False,580,geme580end5.png,OK
5,6,0.0,1.0,-1.0,3,True,580,geme580end6.png,OK
0,1,0.0,0.0,0.0,8,True,587,geme587end1.png,OK
1,2,0.0,1.0,-1.0,7,True,587,geme587end2.png,OK
2,3,0.0,0.0,0.0,6,True,587,geme587end3.png,OK
3,4,1.0,0.0,1.0,5,True,587,geme587end4.png,OK
4,5,0.0,1.0,-1.0,4,False,587,geme587end5.png,OK
5,6,2.0,0.0,2.0,3,True,587,geme587end6.png,OK
6,7,1.0,0.0,1.0,2,False,587,geme587end7.png,OK
7,8,0.0,1.0,-1.0,1,False,587,geme587end8.png,OK
8,9,5.0,0.0,5.0,0,True,587,geme587end9.png,OK
0,1,0.0,0.0,0.0,8,True,598,geme598end1.png,OK
1,2,2.0,0.0,2.0,7,True,598,geme598end2.png,OK
2,3,0.0,0.0,0.0,6,False,598,geme598end3.png,OK
3,4,0.0,1.0,-1.0,5,False,598,geme598end4.png,OK
4,5,0.0,1.0,-1.0,4,True,598,geme598end5.png,OK
5,6,1.0,0.0,1.0,3,True,598,geme598end6.png,OK
6,7,2.0,0.0,2.0,2,False,598,geme598end7.png,OK
7,8,0.0,1.0,-1.0,1,False,598,geme598end8.png,OK
8,9,0.0,1.0,-1.0,0,True,598,geme598end9.png,OK
9,10,0.0,1.0,-1.0,0,True,598,geme598end10.png,OK
10,11,1.0,0.0,1.0,0,True,598,geme598end11.png,OK
0,1,0.0,2.0,-2.0,8,False,610,geme610end1.png,OK
1,2,1.0,0.0,1.0,7,True,610,geme610end2.png,OK
2,3,0.0,3.0,-3.0,6,False,610,geme610end3.png,OK
3,4,0.0,1.0,-1.0,5,True,610,geme610end4.png,OK
4,5,2.0,0.0,2.0,4,True,610,geme610end5.png,OK
5,6,1.0,0.0,1.0,3,False,610,geme610end6.png,OK
6,7,0.0,0.0,0.0,2,False,610,geme610end7.png,OK
7,8,0.0,2.0,-2.0,1,False,610,geme610end8.png,OK
8,9,0.0,3.0,-3.0,0,True,610,geme610end9.png,OK
0,1,0.0,0.0,0.0,8,True,620,geme620end1.png,OK
1,2,0.0,0.0,0.0,7,True,620,geme620end2.png,OK
2,3,1.0,0.0,1.0,6,True,620,geme620end3.png,OK
3,4,0.0,3.0,-3.0,5,False,620,geme620end4.png,OK
4,5,1.0,0.0,1.0,4,True,620,geme620end5.png,OK
5,6,1.0,0.0,1.0,3,False,620,geme620end6.png,OK
6,7,3.0,0.0,3.0,2,False,620,geme620end7.png,OK
7,8,1.0,0.0,1.0,1,False,620,geme620end8.png,OK
8,9,3.0,0.0,3.0,0,False,620,geme620end9.png,OK
0,1,0.0,4.0,-4.0,8,False,630,geme630end1.png,OK
1,2,4.0,0.0,4.0,7,True,630,geme630end2.png,OK
2,3,0.0,1.0,-1.0,6,False,630,geme630end3.png,OK
3,4,0.0,1.0,-1.0,5,True,630,geme630end4.png,OK
4,5,1.0,0.0,1.0,4,True,630,geme630end5.png,OK
5,6,0.0,1.0,-1.0,3,False,630,geme630end6.png,OK
7,8,0.0,1.0,-1.0,1,True,630,geme630end8.png,OK
8,9,2.0,0.0,2.0,0,True,630,geme630end9.png,OK
9,10,1.0,0.0,1.0,0,False,630,geme630end10.png,OK
0,1,1.0,0.0,1.0,8,True,642,geme642end1.png,OK
1,2,0.0,0.0,0.0,7,False,642,geme642end2.png,OK
2,3,0.0,1.0,-1.0,6,False,642,geme642end3.png,OK
3,4,0.0,1.0,-1.0,5,True,642,geme642end4.png,OK
4,5,1.0,0.0,1.0,4,True,642,geme642end5.png,OK
5,6,0.0,1.0,-1.0,3,False,642,geme642end6.png,OK
6,7,2.0,0.0,2.0,2,True,642,geme642end7.png,OK
7,8,1.0,0.0,1.0,1,False,642,geme642end8.png,OK
8,9,1.0,0.0,1.0,0,False,642,geme642end9.png,OK
0,1,2.0,0.0,2.0,8,True,653,geme653end1.png,OK
1,2,2.0,0.0,2.0,7,False,653,geme653end2.png,OK
2,3,1.0,0.0,1.0,6,False,653,geme653end3.png,OK
3,4,2.0,0.0,2.0,5,False,653,geme653end4.png,OK
4,5,2.0,0.0,2.0,4,False,653,geme653end5.png,OK
5,6,0.0,0.0,0.0,3,False,653,geme653end6.png,OK
6,7,0.0,1.0,-1.0,2,False,653,geme653end7.png,OK
0,1,2.0,0.0,2.0,8,True,661,geme661end1.png,OK
1,2,0.0,0.0,0.0,7,False,661,geme661end2.png,OK
2,3,1.0,0.0,1.0,6,False,661,geme661end3.png,OK
3,4,0.0,1.0,-1.0,5,False,661,geme661end4.png,OK
4,5,0.0,1.0,-1.0,4,True,661,geme661end5.png,OK
5,6,0.0,0.0,0.0,3,True,661,geme661end6.png,OK
6,7,3.0,0.0,3.0,2,True,661,geme661end7.png,OK
7,8,1.0,0.0,1.0,1,False,661,geme661end8.png,OK
0,1,2.0,0.0,2.0,8,False,670,geme670end1.png,OK
1,2,2.0,0.0,2.0,7,False,670,geme670end2.png,OK
2,3,0.0,1.0,-1.0,6,False,670,geme670end3.png,OK
3,4,0.0,0.0,0.0,5,True,670,geme670end4.png,OK
4,5,1.0,0.0,1.0,4,True,670,geme670end5.png,OK
5,6,0.0,1.0,-1.0,3,False,670,geme670end6.png,OK
6,7,1.0,0.0,1.0,2,True,670,geme670end7.png,OK
7,8,0.0,1.0,-1.0,1,False,670,geme670end8.png,OK
8,9,1.0,0.0,1.0,0,True,670,geme670end9.png,OK
0,1,0.0,2.0,-2.0,8,False,682,geme682end1.png,OK
1,2,0.0,2.0,-2.0,7,True,682,geme682end2.png,OK
2,3,0.0,1.0,-1.0,6,True,682,geme682end3.png,OK
3,4,1.0,0.0,1.0,5,True,682,geme682end4.png,OK
4,5,0.0,1.0,-1.0,4,False,682,geme682end5.png,OK
5,6,1.0,0.0,1.0,3,True,682,geme682end6.png,OK
6,7,0.0,2.0,-2.0,2,False,682,geme682end7.png,OK
7,8,1.0,0.0,1.0,1,True,682,geme682end8.png,OK
0,1,0.0,1.0,-1.0,8,False,691,geme691end1.png,OK
1,2,0.0,0.0,0.0,7,True,691,geme691end2.png,OK
2,3,1.0,0.0,1.0,6,True,691,geme691end3.png,OK
3,4,1.0,0.0,1.0,5,False,691,geme691end4.png,OK
4,5,0.0,1.0,-1.0,4,False,691,geme691end5.png,OK
5,6,2.0,0.0,2.0,3,True,691,geme691end6.png,OK
6,7,0.0,0.0,0.0,2,False,691,geme691end7.png,OK
7,8,1.0,0.0,1.0,1,False,691,geme691end8.png,OK
8,9,2.0,0.0,2.0,0,False,691,geme691end9.png,OK
0,1,0.0,2.0,-2.0,8,True,701,geme701end1.png,OK
1,2,0.0,1.0,-1.0,7,True,701,geme701end2.png,OK
2,3,0.0,1.0,-1.0,6,True,701,geme701end3.png,OK
3,4,0.0,1.0,-1.0,5,True,701,geme701end4.png,OK
4,5,4.0,0.0,4.0,4,True,701,geme701end5.png,OK
5,6,1.0,0.0,1.0,3,False,701,geme701end6.png,OK
6,7,0.0,1.0,-1.0,2,False,701,geme701end7.png,OK
7,8,0.0,1.0,-1.0,1,True,701,geme701end8.png,OK
8,9,1.0,0.0,1.0,0,True,701,geme701end9.png,OK
9,10,1.0,0.0,1.0,0,False,701,geme701end10.png,OK
10,11,1.0,0.0,1.0,0,False,701,geme701end11.png,OK
0,1,2.0,0.0,2.0,8,True,714,geme714end1.png,OK
1,2,0.0,2.0,-2.0,7,False,714,geme714end2.png,OK
2,3,2.0,0.0,2.0,6,True,714,geme714end3.png,OK
3,4,1.0,0.0,1.0,5,False,714,geme714end4.png,OK
4,5,0.0,2.0,-2.0,4,False,714,geme714end5.png,OK
5,6,0.0,1.0,-1.0,3,True,714,geme714end6.png,OK
6,7,0.0,0.0,0.0,2,True,714,geme714end7.png,OK
7,8,0.0,1.0,-1.0,1,True,714,geme714end8.png,OK
8,9,1.0,0.0,1.0,0,True,714,geme714end9.png,OK
9,10,3.0,0.0,3.0,0,False,714,geme714end10.png,OK
0,1,1.0,0.0,1.0,8,True,725,geme725end1.png,OK
1,2,0.0,2.0,-2.0,7,False,725,geme725end2.png,OK
2,3,0.0,2.0,-2.0,6,True,725,geme725end3.png,OK
3,4,1.0,0.0,1.0,5,True,725,geme725end4.png,OK
4,5,0.0,2.0,-2.0,4,False,725,geme725end5.png,OK
5,6,0.0,1.0,-1.0,3,True,725,geme725end6.png,OK
6,7,2.0,0.0,2.0,2,True,725,geme725end7.png,OK
7,8,1.0,0.0,1.0,1,False,725,geme725end8.png,OK
8,9,0.0,1.0,-1.0,0,False,725,geme725end9.png,OK
9,10,4.0,0.0,4.0,0,True,725,geme725end10.png,OK
0,1,0.0,1.0,-1.0,8,False,736,geme736end1.png,OK
1,2,1.0,0.0,1.0,7,True,736,geme736end2.png,OK
2,3,0.0,1.0,-1.0,6,False,736,geme736end3.png,OK
3,4,0.0,0.0,0.0,5,True,736,geme736end4.png,OK
4,5,2.0,0.0,2.0,4,True,736,geme736end5.png,OK
5,6,1.0,0.0,1.0,3,False,736,geme736end6.png,OK
6,7,2.0,0.0,2.0,2,False,736,geme736end7.png,OK
7,8,0.0,1.0,-1.0,1,False,736,geme736end8.png,OK
8,9,1.0,0.0,1.0,0,True,736,geme736end9.png,OK
0,1,0.0,0.0,0.0,8,False,747,geme747end1.png,OK
1,2,0.0,2.0,-2.0,7,False,747,geme747end2.png,OK
2,3,0.0,0.0,0.0,6,True,747,geme747end3.png,OK
3,4,0.0,0.0,0.0,5,True,747,geme747end4.png,OK
4,5,0.0,2.0,-2.0,4,True,747,geme747end5.png,OK
5,6,1.0,0.0,1.0,3,True,747,geme747end6.png,OK
6,7,0.0,2.0,-2.0,2,False,747,geme747end7.png,OK
7,8,1.0,0.0,1.0,1,True,747,geme747end8.png,OK
8,9,0.0,1.0,-1.0,0,False,747,geme747end9.png,OK
0,1,0.0,0.0,0.0,8,False,758,geme758end1.png,OK
1,2,0.0,1.0,-1.0,7,False,758,geme758end2.png,OK
2,3,0.0,1.0,-1.0,6,True,758,geme758end3.png,OK
3,4,0.0,0.0,0.0,5,True,758,geme758end4.png,OK
4,5,2.0,0.0,2.0,4,True,758,geme758end5.png,OK
5,6,0.0,2.0,-2.0,3,False,758,geme758end6.png,OK
6,7,0.0,0.0,0.0,2,True,758,geme758end7.png,OK
7,8,1.0,0.0,1.0,1,True,758,geme758end8.png,OK
8,9,0.0,1.0,-1.0,0,False,758,geme758end9.png,OK
9,10,0.0,1.0,-1.0,0,True,758,geme758end10.png,OK
0,1,0.0,2.0,-2.0,8,False,769,geme769end1.png,OK
1,2,1.0,0.0,1.0,7,True,769,geme769end2.png,OK
2,3,0.0,4.0,-4.0,6,False,769,geme769end3.png,OK
3,4,1.0,0.0,1.0,5,True,769,geme769end4.png,OK
4,5,0.0,3.0,-3.0,4,False,769,geme769end5.png,OK
5,6,1.0,0.0,1.0,3,True,769,geme769end6.png,OK
0,1,0.0,0.0,0.0,8,True,776,geme776end1.png,OK
1,2,0.0,0.0,0.0,7,True,776,geme776end2.png,OK
2,3,0.0,0.0,0.0,6,True,776,geme776end3.png,OK
3,4,2.0,0.0,2.0,5,True,776,geme776end4.png,OK
4,5,0.0,1.0,-1.0,4,False,776,geme776end5.png,OK
5,6,0.0,1.0,-1.0,3,True,776,geme776end6.png,OK
6,7,3.0,0.0,3.0,2,True,776,geme776end7.png,OK
7,8,0.0,3.0,-3.0,1,False,776,geme776end8.png,OK
8,9,1.0,0.0,1.0,0,True,776,geme776end9.png,OK
9,10,1.0,0.0,1.0,0,False,776,geme776end10.png,OK
0,1,0.0,3.0,-3.0,8,False,787,geme787end1.png,OK
1,2,1.0,0.0,1.0,7,True,787,geme787end2.png,OK
2,3,0.0,2.0,-2.0,6,False,787,geme787end3.png,OK
3,4,0.0,1.0,-1.0,5,True,787,geme787end4.png,OK
4,5,0.0,1.0,-1.0,4,True,787,geme787end5.png,OK
5,6,1.0,0.0,1.0,3,True,787,geme787end6.png,OK
6,7,0.0,1.0,-1.0,2,False,787,geme787end7.png,OK
0,1,0.0,0.0,0.0,8,True,796,geme796end1.png,OK
1,2,0.0,1.0,-1.0,7,True,796,geme796end2.png,OK
2,3,0.0,0.0,0.0,6,True,796,geme796end3.png,OK
3,4,2.0,0.0,2.0,5,True,796,geme796end4.png,OK
4,5,0.0,2.0,-2.0,4,False,796,geme796end5.png,OK
5,6,2.0,0.0,2.0,3,True,796,geme796end6.png,OK
6,7,0.0,3.0,-3.0,2,False,796,geme796end7.png,OK
7,8,4.0,0.0,4.0,1,True,796,geme796end8.png,OK
8,9,0.0,4.0,-4.0,0,False,796,geme796end9.png,OK
9,10,5.0,0.0,5.0,0,True,796,geme796end10.png,OK
0,1,1.0,0.0,1.0,8,True,807,geme807end1.png,OK
1,2,1.0,0.0,1.0,7,False,807,geme807end2.png,OK
2,3,1.0,0.0,1.0,6,False,807,geme807end3.png,OK
3,4,0.0,2.0,-2.0,5,False,807,geme807end4.png,OK
4,5,0.0,1.0,-1.0,4,True,807,geme807end5.png,OK
5,6,1.0,0.0,1.0,3,True,807,geme807end6.png,OK
6,7,0.0,3.0,-3.0,2,False,807,geme807end7.png,OK
7,8,3.0,0.0,3.0,1,True,807,geme807end8.png,OK
8,9,0.0,1.0,-1.0,0,False,807,geme807end9.png,OK
9,10,1.0,0.0,1.0,0,True,807,geme807end10.png,OK
0,1,0.0,1.0,-1.0,8,True,818,geme818end1.png,OK
1,2,0.0,3.0,-3.0,7,True,818,geme818end2.png,OK
2,3,2.0,0.0,2.0,6,True,818,geme818end3.png,OK
3,4,0.0,2.0,-2.0,5,False,818,geme818end4.png,OK
4,5,3.0,0.0,3.0,4,True,818,geme818end5.png,OK
5,6,0.0,1.0,-1.0,3,False,818,geme818end6.png,OK
6,7,1.0,0.0,1.0,2,True,818,geme818end7.png,OK
7,8,1.0,0.0,1.0,1,False,818,geme818end8.png,OK
8,9,0.0,1.0,-1.0,0,False,818,geme818end9.png,OK
0,1,2.0,0.0,2.0,8,True,829,geme829end1.png,OK
1,2,0.0,1.0,-1.0,7,False,829,geme829end2.png,OK
2,3,0.0,1.0,-1.0,6,True,829,geme829end3.png,OK
3,4,2.0,0.0,2.0,5,True,829,geme829end4.png,OK
4,5,1.0,0.0,1.0,4,False,829,geme829end5.png,OK
5,6,0.0,1.0,-1.0,3,False,829,geme829end6.png,OK
6,7,2.0,0.0,2.0,2,True,829,geme829end7.png,OK
7,8,1.0,0.0,1.0,1,False,829,geme829end8.png,OK
0,1,0.0,2.0,-2.0,8,True,839,geme839end1.png,OK
1,2,0.0,1.0,-1.0,7,True,839,geme839end2.png,OK
2,3,0.0,2.0,-2.0,6,True,839,geme839end3.png,OK
3,4,3.0,0.0,3.0,5,True,839,geme839end4.png,OK
4,5,0.0,1.0,-1.0,4,False,839,geme839end5.png,OK
5,6,0.0,1.0,-1.0,3,True,839,geme839end6.png,OK
6,7,2.0,0.0,2.0,2,True,839,geme839end7.png,OK
7,8,0.0,1.0,-1.0,1,False,839,geme839end8.png,OK
8,9,0.0,4.0,-4.0,0,True,839,geme839end9.png,OK
0,1,4.0,0.0,4.0,8,False,849,geme849end1.png,OK
1,2,1.0,0.0,1.0,7,False,849,geme849end2.png,OK
2,3,1.0,0.0,1.0,6,False,849,geme849end3.png,OK
3,4,0.0,1.0,-1.0,5,False,849,geme849end4.png,OK
4,5,3.0,0.0,3.0,4,True,849,geme849end5.png,OK
5,6,3.0,0.0,3.0,3,False,849,geme849end6.png,OK
0,1,0.0,1.0,-1.0,8,False,856,geme856end1.png,OK
1,2,6.0,0.0,6.0,7,True,856,geme856end2.png,OK
2,3,0.0,1.0,-1.0,6,False,856,geme856end3.png,OK
3,4,2.0,0.0,2.0,5,True,856,geme856end4.png,OK
4,5,2.0,0.0,2.0,4,False,856,geme856end5.png,OK
5,6,1.0,0.0,1.0,3,False,856,geme856end6.png,OK
0,1,1.0,0.0,1.0,8,True,863,geme863end1.png,OK
1,2,0.0,1.0,-1.0,7,False,863,geme863end2.png,OK
2,3,0.0,1.0,-1.0,6,True,863,geme863end3.png,OK
3,4,0.0,0.0,0.0,5,True,863,geme863end4.png,OK
4,5,1.0,0.0,1.0,4,True,863,geme863end5.png,OK
5,6,0.0,0.0,0.0,3,False,863,geme863end6.png,OK
6,7,0.0,2.0,-2.0,2,False,863,geme863end7.png,OK
7,8,1.0,0.0,1.0,1,True,863,geme863end8.png,OK
8,9,2.0,0.0,2.0,0,False,863,geme863end9.png,OK
9,10,4.0,0.0,4.0,0,False,863,geme863end10.png,OK
0,1,1.0,0.0,1.0,8,False,875,geme875end1.png,OK
1,2,1.0,0.0,1.0,7,False,875,geme875end2.png,OK
2,3,0.0,2.0,-2.0,6,False,875,geme875end3.png,OK
3,4,1.0,0.0,1.0,5,True,875,geme875end4.png,OK
4,5,1.0,0.0,1.0,4,False,875,geme875end5.png,OK
5,6,1.0,0.0,1.0,3,False,875,geme875end6.png,OK
6,7,0.0,3.0,-3.0,2,False,875,geme875end7.png,OK
7,8,0.0,0.0,0.0,1,True,875,geme875end8.png,OK
8,9,1.0,0.0,1.0,0,True,875,geme875end9.png,OK
9,10,1.0,0.0,1.0,0,False,875,geme875end10.png,OK
0,1,0.0,0.0,0.0,8,True,886,geme886end1.png,OK
1,2,0.0,0.0,0.0,7,True,886,geme886end2.png,OK
2,3,0.0,1.0,-1.0,6,True,886,geme886end3.png,OK
3,4,3.0,0.0,3.0,5,True,886,geme886end4.png,OK
4,5,0.0,2.0,-2.0,4,False,886,geme886end5.png,OK
5,6,1.0,0.0,1.0,3,True,886,geme886end6.png,OK
6,7,0.0,1.0,-1.0,2,False,886,geme886end7.png,OK
7,8,0.0,1.0,-1.0,1,True,886,geme886end8.png,OK
8,9,2.0,0.0,2.0,0,True,886,geme886end9.png,OK
9,10,0.0,3.0,-3.0,0,False,886,geme886end10.png,OK
0,1,0.0,3.0,-3.0,8,False,897,geme897end1.png,OK
1,2,1.0,0.0,1.0,7,True,897,geme897end2.png,OK
2,3,0.0,3.0,-3.0,6,False,897,geme897end3.png,OK
3,4,0.0,6.0,-6.0,5,True,897,geme897end4.png,OK
4,5,1.0,0.0,1.0,4,True,897,geme897end5.png,OK
5,6,0.0,2.0,-2.0,3,False,897,geme897end6.png,OK
0,1,0.0,1.0,-1.0,8,False,904,geme904end1.png,OK
1,2,0.0,1.0,-1.0,7,True,904,geme904end2.png,OK
2,3,0.0,2.0,-2.0,6,True,904,geme904end3.png,OK
3,4,2.0,0.0,2.0,5,True,904,geme904end4.png,OK
4,5,0.0,1.0,-1.0,4,False,904,geme904end5.png,OK
5,6,0.0,1.0,-1.0,3,True,904,geme904end6.png,OK
6,7,2.0,0.0,2.0,2,True,904,geme904end7.png,OK
7,8,2.0,0.0,2.0,1,False,904,geme904end8.png,OK
8,9,0.0,0.0,0.0,0,False,904,geme904end9.png,OK
9,10,1.0,0.0,1.0,0,False,904,geme904end10.png,OK
